112.003;E.A.X.E.C.W.B. 1 x 150² / 25² NP 15kV
112.005;E.A.X.E.C.W.B. 1x240²/25² NP 15kV
112.010;E.X.E.C.W.B. 1 X 240²/25² NP 15 kV
112.015;E.X.E.C.W.B. 1x50²/16² NP 15kV
112.020;E.X.E.C.W.B. 1x95²/25² NP 15kV
112.021;E.X.E.C.W.B. 1X150² NP 15 kV
112.025;E.X.E.C.W.B. 3x240²/25² NP 15kV
112.030;E.X.E.C.W.B. 3x95²/25² + 35² NP 15kV
112.035;E.X.E.C.W.B. 1 x 1000² / 35 np 15kV
121.005;Bague d'extrémité pour jonction Kabeldon FPA 1024 (21-24 mm)
121.010;Bague d'extrémité pour jonction Kabeldon FPA 1027 (24-27 mm)
121.015;Bague d'extrémité pour jonction Kabeldon FPA 1030 (27-30 mm)
121.020;Bague d'extrémité pour jonction Kabeldon FPA 1033 (30-33 mm)
121.025;Bague d'extrémité pour jonction Kabeldon FPA 1036 (33-36 mm)
121.030;Bague d'extrémité pour jonction Kabeldon FPA 1039 (36-39 mm)
121.035;Bague d'extrémité pour jonction Kabeldon FPA 1042 (39-42 mm)
121.040;Bague d'extrémité pour jonction Kabeldon FPA 1045 (42-45 mm)
121.045;Bague d'extrémité pour jonction Kabeldon FPA 1048 (45-48 mm)
121.050;Bague d'extrémité pour jonction Kabeldon FPA 1051 (48-51 mm)
121.055;Bague d'extrémité pour jonction Kabeldon FPA 1054 (51-54 mm)
121.060;Bague d'extrémité pour jonction Kabeldon FPA 1057 (54-57 mm)
121.065;Bague d'extrémité pour jonction Kabeldon FPA 1060 (57-60 mm)
121.070;Bague d'extrémité pour jonction Kabeldon FPA 1063 (60-63 mm)
121.075;Bague d'extrémité pour jonction Kabeldon FPA 1065 (63-65 mm)
121.080;Jonction Kabeldon SMTD 152LK
121.085;Réparation Kabeldon SMTD 152RK
121.090;Jonction Kabeldon SMTD 152K
121.200;jonction EFSJ17A Raychem jonction pour papier plomb 16-50²
121.205;Manchon tubulaire étamé de 35mm² pour jonction EFSJ17A Réf : XG7T35
121.210;Jonction Raychem EFSJ17B pour papier -plomb 50-150²
121.220;Jonction Raychem EFSJ17D pour papier -Plomb 185-300²
122.005;Jonction Unipolaire PIRELLI EPJMe-1C-24-D-T3-P1- 25mm²-50mm²
122.010;Jonction Unipolaire EUROMOLD 24CSJ-2-CW+KIT 50-95
122.015;Jonction Unipolaire PIRELLI EPJMe-1C-24-F-T3-P1-95mm²-240mm²
122.020;Jonction Unipolaire PIRELLI EPJMe-1C-24-E-T3-P1- 50mm²-95mm²
122.025;Jonction Unipolaire EUROMOLD 24CSJ-2-CW+KIT 95-240
122.100;jonction unipolaire MXSU4111 Raychem 17,5KV PRC 50-95 mm²
122.105;Jonction unipolaire MXSU4121 Raychem 17,5KV PRC 70-150mm²
122.110;Jonction unipolaire MXSU4131 Raychem 17,5KV 120-240mm²
122.115;Jonction unipolaire MXSU5181 Raychem 24 KV - 1000mm²
123.006;Jonction de transition SMOE-62873 IP PE-3P PP 25-95² + CON
123.007;Jonction de transition SMOE-62890 (OUV. JUSQUE 150²)
123.008;jonction de transition 17,5KV Raychem SMOE-62875-BSM95240 1 PPE-3P95-240² +Con
123.010;Jonction de transition RAYCHEM EPKJ-17 A/1XU-32B-BE01(35²/95² -> 25²/95²)
123.015;Jonction de transition RAYCHEM EPKJ-17C/1XU-32B-BE01(120²/240² -> 120²/240²)
123.016;Kit Plug SMOE-63390 Con. Débrochage Droit 250A - 50mm²
123.020;Kit de transition KABELDON PXSA 22 (3x240²)
123.025;Kit de transition KABELDON PXSA 12 (3x50² - 85²)
123.100;Résine pour jonction Kabeldon IG1201 SZ
123.101;Bidon d'huile pour boite Kabeldon Réf:IG1601
123.102;Bidon d'huile pour boite Kabeldon Réf:IG1602
123.103;Bidon d'huile pour boite Kabeldon Réf:IG1603
123.105;Bidon d'huile pour boite Kabeldon Réf:IG1604
124.005;Terminale tripolaire RAYCHEM EPKT-17A3MBH2-G69-BE01(25²-50² 6KV / 16²-35² 12KV)
124.010;Terminale RAYCHEM EPKT-17B3MBH2-G69-BE01(70-120² 6KV / 50-95² 12KV/ 16-50² 12KV)
124.015;Terminale RAYCHEM EPKT-17C3MBH2-G69-BE01(150²-240² 6KV / 120²-185² 12KV / 70²-150² 15KV)
124.020;Terminale RAYCHEM EPKT-17D3MBH2-G69-BE01(300²-400² 6KV / 240²-300² 12KV / 185²-300² 15KV)
124.030;Kit Plug PRC Raychem à prise equ. 630 amp 3x120² alu/cu (RSTI-L5652 BE)
124.035;Kit Plug PRC Raychem à prise equ. 630 amp 35 - 70² + con (RSTI-L5651 BE)
124.040;Kit Plug PRC Raychem à prise equ. 630 amp 150-240 MM² 12 KV + con (RSTI-L5654 BE)
124.042;Kit Plug PRC Raychem à prise equ. 630 amp 95 - 50² + con (RSTI-L5653 BE 01)
124.045;Boîte à cables du type sec pour Magnefix type MD et MF
124.055;Prise à écran équerre 90° 800A 24kv 25-95² diam ISO 17-30.1 réf: RSTI5851SAD
124.060;Prise à écran équerre 90° 800A 24kv 35-95² diam ISO 17-30.1 réf: RSTI5852SAD
124.065;Prise à écran équerre 90° 800A 24kv 95²-240² Al-Cu diam ISO 21.2-34.6 réf: RSTI5854SAD
125.000;SET Connex Gr.1 95mm²-36kV (1set = 3 pcs)
125.015;Terminale Raychem IXSUF4121 1P 12/17 KV 35-95 mm²
125.020;Terminale Raychem IXSUF4131 - Term. 1 P 17,5KV câ PE 95-240 mm²
125.025;Terminale BT Raychem 8 Fils 903K015/S 50/25 23/6.5 Thermo rétractable
131.005;Sectionneur 12 kV 630A
141.001;Fusible H.T. 10/17,5KV 10A DIN 10 (292 mm)
141.002;Fusible H.T 10/17,5KV 16A DIN 12 (367mm)
141.003;Fusible H.T. 10/17,5KV 16A DIN 10 (292 mm)
141.004;Fusible H.T. 10/17,5KV 20A DIN 10 (292 mm)
141.005;Fusible H.T. 10/17,5KV 25A DIN10 (292 mm)
141.006;Fusible H.T. 10/17,5KV 31,5A DIN 10 (292 mm)
141.010;Fusible H.T. 10/17,5KV 40A DIN10 (292 mm)
141.013;Fusible H.T 10/17,5KV 50A DIN 10
141.015;Fusible H.T. 10/17,5KV 63A DIN10 (292 mm)
141.020;Fusible H.T. 10/17,5KV 100A DIN10 (292 mm)
141.023;Fusible H.T. 10/17,5 KV 25A DIN12 (367 mm)
141.025;Fusible H.T. 10/17,5KV 40A DIN12 (367 mm)
141.030;Fusible H.T. 10/17,5KV 63A DIN 12 (367 mm)
141.035;Fusible H.T. 10/17,5KV 100A DIN12 (367 mm)
141.040;Fusible H.T. 17,5kV - 2A pour TP
141.100;Prolongateur Fusible HT pour cellule FBX
142.030;Relais ABB SPAJ 140 C
14.4.1;Mise hors service et rétablissement d'une cabine client
14.4.2;Mise hors service et rétablissement d'une cabine en dehors des heures de travail
151.005;Compteur H.T. 110V /5 ZFB 410CT416
151.010;Compteur H.T. 110V /5 ZFB 410CT446
151.025;Compteur H.T. Classe 1 EDMI MK6 N
151.030;Compteur H.T. Classe 0,5 EDMI MK6
151.035;Compteur H.T. Classe 0,2s EDMI MK3
151.040;Modem PSTN pour compteur EDMI
151.045;Modem GSM pour compteur EDMI
151.046;Câble modem pour compteur EDMI
151.047;Adaptateur Mk6fiT4ip
151.085;Bornier Spècial pour comptage HT
151.120;Batterie de rechange compteur MK6 Allix 07 Réf Steel: EDM-025M
151.125;Compteur HT/TBT 230V/400V 1 (5amp)
151.200;Compteur MT880-T1A42R56S53-E12-V52L81B11-M3K0-M-H07 3X240/415V (4fils)
151.201;Compteur MT880-T1A42R56S53-E12-V52L81B11-M3K0-M-H07 3X240 (3fils)
152.005;T.I. H.T. 5-10/5
152.010;T.I. H.T. 10/5
152.015;T.I. H.T. 15-30/5
152.019;T.I HT 20A/5
152.020;T.I. H.T. 25/5
152.025;T.I. H.T. 30/5
152.030;T.I. H.T. 50/5
152.035;T.I. H.T. 30-60/5
152.036;T.I HT 100A/5
152.037;T.I HT 125A/5
152.038;T.I HT 150A/5
152.039;T.I HT 300A/5
152.040;T.I HT 400A/5
153.005;T.P. H.T. 11.000/110V 30VA
156.046;Câble modem pour compteur EDMI, EDMI-055 (petit)
161.020;Transformateur de puissance 4 Bornes 160 KVA
161.030;Transformateur de puissance 230/400V 7 Bornes 100 KVA
161.035;Transformateur de puissance 230/400V 7 Bornes 160 KVA
161.040;Transformateur de puissance 230/400V 7 Bornes 250 KVA
161.043;Transformateur de puissance 230/400V 7 Bornes 250 KVA de réemploi
161.045;Transformateur de puissance 230/400V 7 Bornes 400 KVA
161.050;Transformateur de puissance 230/400V 7 Bornes 630 KVA
161.055;Transformateur de puissance 230/400V 7 Bornes 800 KVA
161.078;Transformateur de puissance tout ampérage mis au rebut (vieux-défectueux)
161.143;Transformateur à Sec de puissance 230V 250KVA de réemploi
161.203;Transformateur de puissance 4 Bornes 400V / 400 KVA de réemploi
164.003;Boîte à clefs
164.004;Boîte a clefs à encastrer
164.010;Cylindre cabine avec clef différente (Cabine client) L60= 30-30
164.011;Cylindre cabine client à bouton L=60 30-30
164.012;Cylindre cabine à bouton L60= 30-30
164.013;"Cylindre cabine à bouton; L 70 = 40 - 30; à sortir avec réf 164.014 cylindre"
164.014;"Bouton triangulaire laiton Nickele; doit sortir avec réf : 164.013 bouton"
164.015;Cylindre à languette diamètre 40 mm
164.016;Cylindre client à bouton L70= 40-30 bouton coté 30 CF702
164.017;Cylindre cabine à bouton L70= 40-30 bouton coté 30 CF702
164.020;Demi-cylindre cabine
164.021;Demi - cylindre cabine client L40= 10-30 réf : YB1.0G304.02.12.MC/CG702
164.022;Cylindre en applique YB + 54550.60.0.00
164.025;Cadenas avec clef cabine, réf :YB.22.010.020
164.026;Cadenas Cabine Régie sans clef, réf : 1080150
164.035;"Piquet de terre cuivre 3/4"" 1,5m"
164.040;"Manchon pour piquet de terre cuivre 3/4"""
164.045;"Pointe pour piquet de terre cuivre 3/4"""
164.055;"Collier pour piquet de terre cuivre 3/4"" (connecteur mise à terre)"
164.060;Plaque polycarbonate 2050 x 1250 x 5
164.065;"Piquet de terre cuivre 5/8"" 1.5m"
164.070;"Manchon pour piquet de terre cuivre 5/8"""
164.075;"Pointe pour piquet de terrecuivre 5/8"""
164.080;"Butée pour piquet de terre cuivre 5/8"""
164.085;"Collier pour piquet de terre cuivre 5/8"" (connecteur mise à terre)"
164.090;"PIC ""ANTI PIGEON"""
164.091;Barette coupe terre
164.095;RAIL SYMETRIQUE (PRIX A LA PIECE DE LONG. DE 2M)
164.096;SUPPORT P RAIL DIN
164.105;"Boulon de frappe pour piquet de terre 5/8"" cu 1.5m"
164.110;Cablofil Treill cable CF/54/100/EZ
164.111;Couvercle - HSI 150 - D 3/58 - KS - Rétraction à FROID - diam 150mm
164.112;Couvercle - HSI 150 - D 7/33 - KS - Rétraction à FROID - diam 150mm
164.113;Bouchon d'obturation pour couvercle HSI 150-D7/33
164.114;Bouchon d'obturation pour couvercle HSI 150-D3/58
164.115;passage de cable thermorétractable pour cabine HT/ HSI 150 - D 1/80 pour 1 cable
164.120;passage de cable thermorétractable pour cabine HT- HSI 150 D3/58 pour 3 cables
164.125;passage de cable thermorétractable pour cabine HT- HSI 150-D7/33 pour 7 cables
164.130;joint étanche Cabine Ht Doyma 1505x50 +16 joint AM DN 150-- 3x 46mm
164.135;joint étanche Cabine HT Doyma 1504x51+36 Joint AM DN 150 3 x33 mm
164.140;joint étanche cabine HT Doyma 1508x36 +16 joint AM DN 150 6x 19mm
164.145;joint étanche cabine HT Doyma 1504 x51+36 AM DN 150 3x 32mm
164.150;joint étanche cabine Ht DN150V2A 3 x37mm Kroner
164.155;joint étanche cabine HT DN150 V2A 2 x 50mm + 2x29mm Kroner
164.160;Joint étanchéité Cabine HT AMT DN150 2x50mm +2x29mmDoyma
164.165;Joint étanche cabine HT HFFHRD150SG3/22-54 à segments détachables
164.200;UC50GC - BERCEAU POUR Cablofil CF54/50
164.205;CF30/50EZ - CABLOFIL 3M
164.206;CF54/50/EZ cablofil 3M
164.207;CF54/150/EZ cablofil 3M
164.210;console (attache) murale cablofil CM50
164.211;"Berceau UC 50/EZ; Cablofil (paquet de 25pcs); CM586040"
165.005;Coiffe isolante Haute-Tension pour isolateur de transformateur - réemploi
165.010;Boite à gants isolés Haute-Tension
165.015;Indicateur lumineux de présence de tension H.T.
165.025;Porte fusible H.T. mural - réemploi
165.035;Indicateur de CC Liquide -400A 16-20mm
165.040;Indicateur de CC Liquide - 400A -20-30 mm
165.045;Indicateur de CC Liquide- 400A-30-40mm
165.055;Thermostat pour Armoire electrique, SSR-E6905 EBERLE
165.100;Bloc éclairage de secours 1 x 8 Watts Legrand (cabine HT)
165.105;Bloc de secours 2 x 36 Watts éclairage cabine HT
165.130;Indicateur de CC Liquide- 290A- 16-29 mm
165.135;Indicateur de CC Liquide 600A - 40-50 mm
165.200;Indicateur de présence de tension CATUE Réf:CL499/101
165.205;Armature TL 2 x36 W ss Bloc de secours
167.005;TGBT 8 reglettes 400A sans dall
167.010;TGBT 8 réglettes 400A avec dall
167.015;TGBT 8 réglettes 630A sans dall
167.020;TGBT 8 réglettes 630A avec dall
167.025;TGBT 8 réglettes 800A sans dall
167.030;TGBT 8 réglettes 800A avec dall
167.035;TGBT 8 réglettes 1250A sans dall
167.040;TGBT 8 réglettes 1250A avec dall
167.042;TGBT 8 réglettes 1250A avec dall - Retour - réemploi
168.005;Cellule MODULEC 9 ALSTOM Type AI
168.010;Cellule MODULEC 9 ALSTOM Type FC
168.015;Cellule MODULEC 9 ALSTOM Disjoncteur Type DC
168.020;Cellule MODULEC 9 ALSTOM Comptage
168.025;Cellule HT FBX CCT1 RMU non extensible 2K+T
168.030;Cellule Disjoncteur Type PGCi HT
168.035;Cellule HT RM6 Type QIQI-RE AA10 Equipée
168.040;Cellule 3K+1T
169.005;Gaine isolante pour jeux de barre HT 50/20 RAYCHEM
169.006;Gaine isolante pour jeux de barre HT 30/12 RAYCHEM
169.010;Ruban Isolant HT 50 mm RAYCHEM (10m) RAYCHEM HVBT14
169.015;Kit d'isolation pour connection HT Transfo RAYCHEM RSRB 4044
169.020;Mastic noir 1500 mm RAYCHEM S106181500
170.005;Kit plug transfo 90° 35mm² 250A RAYCHEM RSES5213P
170.010;Kit plug transfo 90° 25mm² 250A RAYCHEM RSES5212P
170.015;Kit plug transfo 90° 50mm² 250A RAYCHEM RSES 5214P
170.020;Kit Plug transfo 250A - RSES 5215 P
210.005;E.A.E.X.V.B 4 X 240² 1 KV
210.010;E.A.X.V.B. 4x150² 1kV
210.015;E.A.X.V.B. 4x16² 1kV
210.020;E.A.X.V.B. 4x95² 1kV
210.025;E.X.V.B. 4x10² 1kV
210.030;E.X.V.B. 4x150² 1kV
210.035;E.X.V.B. 4x16² 1kV
210.038;E.X.V.B. 4x25² 1kv
210.040;E.X.V.B. 4x35² 1kV
210.045;E.X.V.B. 4x50² 1kV
210.050;E.X.V.B. 4x70² 1kV
210.055;E.X.V.B. 4x95² 1kV
210.060;E.V.A.V.B 4x120² 1kV
210.065;E.X.V.B 4x120² 1kV
210.070;E.X.V.B 3G1,5² 1kV
210.071;E.X.V.B 3G2.5-ECA (m)
210.073;Gaine annelée intérieur lisse rouge diamètre 50mm avec tire fil en rouleau de 50m (m)
210.075;Gaine annelée intérieur lisse rouge avec tire fil diamètre 110mm en rouleau de 50m (m)
210.077;Gaine annelée intérieur lisse rouge avec tire fil diamètre 90mm en rouleau de 50m (m)
210.080;Gaine annelée intérieur lisse rouge avec tire fil diamètre 160mm en rouleau de 50m (m)
220.005;Câble B.A.X.B 2x16²
220.010;Câble B.A.X.B. 3x 150²+70²+2x16²
220.025;Câble B.A.X.B 3x95² + 54,6² + 2x16²
220.030;Câble B.A.X.B 4x16²
220.035;Câble B.A.X.B 4x25²
220.040;Câble B.X.B 4x16²
231.005;Sectionneur aérien uniploaire NH1 400A, réf : 350.258.001
231.010;Sectionneur aérien tétrapolaire NH00 160A, réf : 350.250.100
231.014;Ferrure Facade poteau section aérien BT 215740
231.015;Ferrure pour 4 sectionneur aérien unipolaire, RVS304
232.005;Berceau d'alignement 16/25²
232.006;Berceau d'alignement ps 470/95 réseau autoporté 4x70² à 4x95² Diam 32à36mm - PS-470/95
232.008;Pince de suspension BAXB 4x16
232.010;Suspension BAXB 4 x25² CAHORS Réf : CAAERAB425
232.011;Ecrou M16 pour boulon poteau galvanisé
232.013;Ensemble de suspension BAXB 3x95+54+2x16 ES1500 ( CAHORS OU MALICO)
232.014;Dispositif de suspension BAXB 4 x 16 - SS 1025
232.015;Anneau avec tige diamètre 10 + cheville M10 S
232.016;Boulon M16 * 200 mm + Ecrou
232.017;Boulon M16 * 250 mm + Ecrou
232.018;Boulon M16 * 350 mm + Ecrou
232.019;Rondelles M16
232.020;Pince d'alignement 4 fils
232.025;Pince d'ancrage 4 fils
232.026;Pince d'ancrage 4 fils-2 x16² à 4x25² - réglable Derancourt PACR25
232.030;Anneaux 2 tonnes
232.031;Cheville M10 S pour anneau 2 tonnes
232.035;Support de Neutre
232.045;Pince d'ancrage PA 1500 /350 Pour baxb 3x95² ou 3x 150³ (sadinter)
232.050;Pince d'ancrage PA1500 - 54,6 à 70 mm², réf : CAAEPA1500-33
232.055;Pince d'ancrage 95² 150² 54.6² ou 70² PA2000
232.080;"Feuillard Band-It 1/2"" en rouleau de 30m (Le rouleau)"
232.085;"Feuillard Band-It 3/4"" en rouleau de 30m (Le rouleau)"
232.090;"Boucle Band-It 1/2"" (boîte de 100 pièces)"
232.095;"Boucle Band-It 3/4"" (boîte de 100 pièces)"
232.105;Anneau ouvert
232.110;Tendeur reseau B.T.
232.112;Tendeur festivité
232.115;Queue de cochon Diam 12mm - L 250mm - 2 écrous
232.117;Queue de cochon Diam 12mm - L 110mm - 2 écrous
232.120;Equerre de Fixation Aluminium
232.122;Console d'Encrage CA 1500 B
232.125;Protection montée de câble 60*60
232.130;Protection montée de câble 35*35 - 2.75m
232.131;Protection montée de câble 140x35x275
232.133;Protection montée de câble 90x90 2,75m
232.134;Protection montée de câble 120x120 2,75m
232.135;Protection montée de câble 140x50x2.75
232.145;Crochet en C M12 en acier galvanisé
232.150;Manille M10 en acier galva - SH 600
232.155;Boulon galvanisé M12 12 x275 mm
232.160;Rondelle galvanisé diamètre 12mm
232.165;Berceau de suspension BRTV 17 Derancourt
232.170;Berceau de Suspension BRPV1 PO avec cheville pour isolant Malicot
232.171;Berceau de Suspension BRPV6 PO avec cheville pour isolant Malicot
232.175;Tube graisse Neutre pinces Aérien// bornes ABT
232.180;Console d'ancrage 1500 kg SC10.3 Niled
232.185;Beceau BRTF 10 de suspension pour façade CAHORS R2F CAAEBRTF10 (ancien 232.170)
233.001;Borne de raccordement étanche dénudage/perforation DP35 (bout à bout)
233.002;Connecteur 6 kV à perf. pour réseaux isolés 35²- 150² / 2x (16² - 35²) - P619
233.003;Connecteur 6 kV à perf. pour réseaux isolés de 6² à 150² - P625BX
233.005;Connecteur 6 kV à perf. simult. pour réseaux isolés 16²-95² / 1,5²-6² - P630 BX
233.011;Connect 6 kV à perf. simult. pour rés. isolés 16-95² dériv 1,5-10² AL/CU KZEP95 P631B
233.014;Connecteur 6 KV à perf.simult. pour réseaux isolés 25²-95²/ 6²-35² P640 BX
233.016;Connecteur 6 kV à perf. simult. pour réseaux isolés 6-150/1,5-25/35 - P645F capuchon fixe
233.017;Connecteur 6 kV à perf. simult. pour réseaux isolés 16²-95² / 16²-55² - P95
233.020;Connecteur 6 kV à perf. simult. pour réseaux isolés 54²-150² / 16²-35² - P650
233.025;Connecteur 6 kV à perf. simult. pour réseaux isolés 35²-150² / 35²-150² - P150
233.030;Connecteur de dériv. B.T. réseau isolé sur réseau principal nu 6²-120² / 6²-35² isolé - N640
233.035;Connecteur de dériv. B.T. réseau isolé sur réseau principal nu 22²-150² / 35²-150² isolé - N150
233.040;Connecteur de branch. pour réseau isolé B.T. 10²-25² / 2,5²-35² - P21
233.045;Connecteur de branch. Sur réseau nu Cuivre ou Alu 6²-120² / 16²-35² CMBp/CNU 120
233.050;Borne de dérivation Cuivre 10²
233.052;Borne de dérivation Cuivre 35²
233.055;Borne de dérivation Cuivre 50²
233.060;Borne de dérivation Cuivre 95²
236.046;Différentiel 63A 4P 0.1A pour disj guillaume
236.050;Disjoncteur 2P 32A
236.055;Disjoncteur 2P 40A
236.060;Disjoncteur 3P+N 50A
236.065;Disjoncteur 3P+N 63A
236.066;Disjoncteur 3P+N 63A pour armoire guillaume
236.100;PROLONGATEUR 10/16 AMP - 2P + T
236.110;Prise mobile 400V 16A 3P+N+T
236.125;Fiche caoutchouc 16A Male
236.130;Fiche caoutchouc 16A Femelle
242.005;Reglette Kabeldon NH00 type SLD00 160A
242.015;Réglette NH00 écartement 100 mm 160A isolée ABB
242.019;Reglette NH02 écartement 185 mmm 400A SLD 2 ABB + CLAME réf: ZLBM2-3P-V
242.020;Reglette Kabeldon NH02 Type SLD2 400A
242.021;Réglettes à vis écart. 185mm 400A
242.025;réglette NH02 écartement 185mm 400A SLD 2 ABB (armoires réseau)
242.030;Réglette NH00 écartement 185mm Double 2x160A avec ou ss adaptateur TGBT
251.005;Base unipolaire NH00
251.010;Base tripolaire NH00
252.005;"Couteau de Neutre NH00; réf f:004941235"
252.006;"Couteau de neutre NH0;réf f:004941236"
252.010;"Couteau de Neutre NH2; réf f:004941238"
252.013;"Couteau de neutre NH3; réf f:004941239"
252.015;"Couteau de Neutre NH1;réf f:004941237"
252.020;Fusible NH00 2A
252.025;Fusible NH00 6A
252.030;Fusible NH00 10A
252.035;Fusible NH00 16A
252.040;Fusible NH00 20A
252.045;Fusible NH00 32A
252.050;Fusible NH00 40A
252.055;Fusible NH00 50A
252.060;Fusible NH00 63A
252.065;Fusible NH00 80A
252.070;Fusible NH00 100A
252.075;Fusible NH00 125A
252.080;Fusible NH00 160A
252.083;Fusible NH1 16A
252.085;Fusible NH1 20A
252.087;Fusible NH1 25A
252.089;Fusible NH1 32A
252.095;Fusible NH1 40A
252.100;Fusible NH1 50A
252.105;Fusible NH1 63A
252.110;"Fusible NH1 80A; réf f:004184213"
252.115;Fusible NH1 100A
252.120;Fusible NH1 125A
252.125;Fusible NH1 160A
252.130;Fusible NH1 200A
252.132;Fusible NH1 250A
252.134;Fusible NH2 35 A
252.135;Fusible NH2 63A
252.136;"Fusible NH2 100 A;réf f:004185214"
252.137;Fusible NH2 125A
252.140;Fusible NH2 160A
252.145;Fusible NH2 200A
252.150;Fusible NH2 224A
252.155;Fusible NH2 250A
252.156;Fusible NH2 300A
252.157;Fusible NH2 315A
252.160;Fusible NH2 400A
252.163;Fusible NH3 200A
252.165;Fusible NH3 315A
252.170;Fusible NH3 400A
252.175;Fusible NH3 500A
252.180;Fusible NH3 630A
252.181;Fusible NH4 125A
252.182;Fusible NH4 160 A
252.184;Fusible NH4 200 A
252.185;Fusible NH4 400A
252.187;Fusible NH4 500A
252.190;Fusible NH4 630A
252.195;Fusible NH4 1250A
252.200;Obturateur SIBA NH1-3
252.205;Obturateur SIBA NH00
260.015;Armoires de trottoir HEAD41 équipée Kabeldon 5 pôles (4 Sectionneurs)
260.031;Sac produit Anti -condensation pour ABT
260.055;Armoire équipée 5 pôles (4 x DIN00) - SEHOPN483SK (Socle = 260.056)
260.056;socle pour armoire de trottoir type 154 (voir 260.055)
260.057;Arm. de trot. TYPE EHC IP 44 EN 60439-5 équip. Kabeld. 5 pôles 4 sect.(4 x DIN0)
260.058;poignée pour ABT Réf: Drugmand KE9740 pour KVS160-163
260.059;"Poignée 1/2 cylindre DIN S3D; Serrure Smart Grid"
260.060;Armoire équipée (4 x DIN0 + 2 x DIN1) + Sectionneur + socle SLB2 - SEHOPN883F
260.064;Armoire de trottoir équipée (4 x DIN0 + 2 x DIN1) +1 sectionneur + socle SLB2 - DIN0
260.070;ARMOIRE DE MARCHE 1X3p+n63a+2X3p+n32a+6X 2p 16a--3n400vavec socle
260.080;SOCLE POUR ARMOIRE DE MARCHE DIN1 930X790X320 mm
260.150;Connecteur Kabeldon AD 95 pour ABT (remplacé par 260.152 ADI95)
260.151;Connecteur Kabeldon AD300 pour ABT
260.152;Connecteur Kabeldon ADI 95 pour ABT (remplace AD 95)
260.153;Connecteur Kabeldon ADI 300 pour ABT (remplace AD 300)
260.155;Appareil de coupure pour ABT FD3300 IP Kabeldon(sectionneur)
260.205;module Remmo RAC 240 jeu de 4 connecteurs réseau50-204² ref:CAARTRERAC24
260.210;Module Remmo BR 60T 4 Connecteursà perforation3p+N 10-35² nh00réf CAARTREBR60T
260.215;Borne Electrique Escamotable
270.000;Armoire ABT type 154E équipé 4xKSFS431+4xKSST36+8xAD300
270.050;Armoire ABT DIN00 equipée + socle + 4KB1969 + 4sst36 (support de barre) et 8xADI300)
270.051;"Socle pour armoire ABT DIN00; réf Emas : SAKOTDF00"
270.055;Armoire ABT EH3/00 + 25S60 avec Elos (fond+couvercle+accessoires)
270.100;Armoire ABT DIN0 + socle,équipé 4xKSFS443,4xKSST36 et 8xAD300
270.105;Armoire ABT EH3/0 + socle résidence secondaire
270.150;Armoire ABT DIN1 + socle,équipé 4xKSFS463,4xKSST36 et 8xAD300
270.200;Armoire ABT DIN2 + socle, équipé 4xKSFS1083,4xKSST36 et 9xAD300
270.250;"Armoire ABT DCE00+socle;équipé 4barres isolées(400A)et 8xAD300"
270.300;"Armoire ABT DCE0+socle;équipé 4barres isolées(400A)et 8xAD300"
270.350;"Armoire ABT DIN1+Socle;équipé 4barres isolées(400A) et 8xAD300"
270.400;"Armoire ABT DCE2+SocleFD2;équipée 4barres isolées(400A)+8XAD300"
270.405;Socle ABT en polyester pour EH3-3 et EH6-3 taille 3 - ref: 843144
270.406;ABT EH3 EH6, 2 portes commande spéciale avec 2 poignées indépendantes, ref 141/180786
270.450;Armoire ABT OR-2850 Type 0 + socle (cuivre étamé)
270.500;Armoire Michaud avec jeu de barres Alu 400A - 6 modules
2ATP860CAR;2ATP860CAR
2ATP860ENTR;2ATP860ENTR
312.005;T.I. 200/5 A
312.007;T.I. 50/5 A
312.015;T.I. 100/5 A
312.020;T.I. 125/5 A
312.025;T.I. 150/5 A
312.030;T.I. TC6 200/5 A, réf Circutor : M70332
312.035;T.I. 250/5 A
312.037;T.I. 250/5 A MODELE TP 58 SECABLE
312.040;T.I. 300/5 A
312.042;T.I. 300/5 A MODELE TP 58 SECABLE
312.045;T.I. 400/5 A
312.047;T.I. 400/5 A MODELE TP 58 SECABLE
312.055;T.I. 600/5 A
312.060;T.I. 750/5 A
312.063;T.I. 750/5 A sécable
312.065;T.I. 800/5 A
312.067;T.I. 800/5 A MODELE TP 58 SECABLE
312.070;T.I. 1000/5 A
312.072;T.I. 1000/5 A MODELE TP 58 SECABLE
312.075;T.I. 1200/5 A
312.080;T.I. 1500/5 A
321.010;Compteur B.T. monophasé 220V 10/60 ST
321.015;Compteur B.T. monophasé 220V 10/60 DT
321.020;Compteur B.T. monophasé 220V 10/60 DT avec impulsion + Payguard
322.015;Compteur B.T. triphasé 230V 10/60 ST
322.020;Compteur B.T. triphasé 230V 10/60 DT
322.030;Compteur B.T. triphasé 230V 20/120 DT
322.035;Compteur B.T. triphasé 230V /5 ST
322.040;Compteur B.T. triphasé 230V /5 DT
322.060;Compteur B.T. triphasé 230V 10/60 ST avec impulsion + Payguard
323.015;Compteur B.T. triphasé 400V 10/60 ST
323.020;Compteur B.T. triphasé 400V 10/60 DT
323.025;Compteur B.T. triphasé 400V 10/100 ST
323.030;Compteur B.T. triphasé 400V 20/120 DT
323.035;Compteur B.T. triphasé 400V /5 ST
323.040;Compteur B.T. triphasé 400V /5 DT
323.070;Compteur B.T. triphasé 400V 10/60 ST avec impulsion + Payguard
323.075;Compteur BT Mono 220V 10/100 DT Smartmeter MK7C
323.078;Compteurs BT tous voltage mis au rebus
323.080;Compteur BT /5 SmartMeter MK10A / RS 232/485
323.087;Compteur BT Triphasé 230/400V 10/100 Smartmeter MK10A
323.090;Modem GSM parametré avec port RS-485 pour compteur BT SMARTMETER
323.100;Bornier special pour comptage 13 pôles 13E-9l-at EPI
323.105;Alimentation Mini PS 120-230 ac/12dc/1.5 POUR COMMUNICATION CPTEUR HT
323.110;Compteur MK7C RS232 Mono 220V 10/100
323.115;Compteur MK10D 2RS 485 Triphasé 230V/400V 10/100
323.200;Compteur MK6N .CL1. EP exclusivement 10/100 A 230V /400V RS232+Modem GSM
323.300;Compteur BT Monophasé 220V SMARTMETER 4 QUADRANTS non communiquant
323.305;Compteur BT SMARTMETER triphasé 230V/400V 4 QUADRANTS non communiquant
323.310;Compteur BT Monophasé 220V SMARTMETER 4 QUADRANTS Communiquant
324.005;Payguard
324.006;Payguard de réemploi
324.010;Compteur BT Mono 220V 10/60 ST avec impulsion pour CàB
324.020;Compteur BT mono 220V 10/60 DT avec impulsion pour Cà B
324.023;Compteur mono 220V 10/60 DT avec impulsion pour CàB de réemploi
324.030;Compteur BT Triphasé 230V 10/60 ST avec impulsion pour CàB
324.033;Compteur BT Triphasé 230V 10/60 ST avec impulsion pour CàB de réemploi
324.040;Compteur BT Triphasé 230V DT 10/60 avec impulsion pour CàB
324.043;Compteur BT Triphasé 230V DT 10/60 avec impulsion pour CàB de réemploi
324.050;Compteur BT triphasé 400V ST 10/60 avec impulsion pour CàB
324.053;Compteur BT Triphasé 400V ST 10/60 avec impulsion pour CàB de réemploi
324.060;Compteur BT Triphasé 400V DT 10/60 Avec impulsion pour CàB
324.063;Compteur BT Tripahasé 400V DT 10/60 Avec impulsion pour CàB de réemploi
325.005;Compteur BT mono 220V ST de réemploi -- Nvlle RéF. à partir du 01/01/2013
325.010;Compteur BT mono 220V DT de réemploi -- Nvlle RéF. à partir du 01/01/2013
325.015;Compteur BT Triphasé 230V ST de réemploi -- Nvlle RéF. à partir du 01/01/2013
325.020;Compteur BT Triphasé 230V DT de réemploi -- Nvlle RéF. à partir du 01/01/2013
325.025;Compteur BT Triphasé 400 V ST de réemploi -- Nvlle RéF. à partir du 01/01/2013
325.030;Compteur BT Triphasé 400V DT de réemploi -- Nvlle RéF. à partir du 01/01/2013
326.100;Compteur SMART Monophasé 220V AM550-ED1
326.900;Module communiquant AC150-A2 GSM (pour compteur Smart 326.100)
330.005;Disjoncteur Ep 30 Rupture 3KA 2P 4A
330.010;Disjoncteur 4P 63A-300mA
331.005;Disjoncteur DIN 2P 4A NBN C61-142 10kA
331.010;Disjoncteur DIN 2P 6A NBN C61-142 10kA
331.015;Disjoncteur DIN 2P 10A NBN C61-142 10kA
331.020;Disjoncteur DIN 2P 16A NBN C61-142 10kA
331.025;Disjoncteur DIN 2P 20A NBN C61-142 10kA
331.030;Disjoncteur DIN 2P 25A NBN C61-142 10kA
331.035;Disjoncteur DIN 2P 32A NBN C61-142 10kA
331.040;Disjoncteur DIN 2P 40A NBN C61-142 10kA
331.042;Disjoncteur DIN 2P 50A NBN C61-142 10kA
331.045;Disjoncteur DIN 2P 63A NBN C61-142 10kA
331.050;Disjoncteur DIN 2P 50A 4 Modules NBN C61-142 10kA
331.055;Disjoncteur DIN 2P 63A 4 Modules NBN C61-142 10kA
331.060;Peigne pour pontage disjoncteur mono
331.065;Peigne de pontage disjoncteur 3 P 80A
331.070;Peigne de pontage disjoncteur 3 pH+N 27x2P
332.010;Disjoncteur DIN 3P 4A NBN C61-142 10kA
332.015;Disjoncteur DIN 3P+N 6A NBN C61-142 10kA
332.020;Disjoncteur DIN 3P+N 16A NBN C61-142 10kA
332.025;Disjoncteur DIN 3P+N 20A NBN C61-142 10kA
332.030;Disjoncteur DIN 3P+N 25A NBN C61-142 10kA
332.035;Disjoncteur DIN 3P+N 32A NBN C61-142 10kA
332.040;Disjoncteur DIN 3P+N 40A NBN C61-142 10kA
332.045;Disjoncteur DIN 3P+N 50A NBN C61-142 10kA
332.050;Disjoncteur DIN 3P+N 63A GI NBN C61-142 10kA
332.055;Disjoncteur DIN 3P+N 50A 8 Modules NBN C61-142 10kA
332.060;Disjoncteur DIN 3P+N 63A 8 Modules NBN C61-142 10kA
332.065;Disjoncteur 3P+N 100A NBN C61-142 10kA
333.005;Disjoncteur TECO 2P 6A
333.010;Disjoncteur TECO 3P+N 15/39A
333.015;Disjoncteur TECO 3P+N 39/63A
333.017;Disjoncteur TECO 3P+N 40/60A
333.020;Disjoncteur TECO 3P+N 66/100A
333.025;Disjoncteur TECO 3P+N 4A
333.030;Disjoncteur TECO 2P 15/39A avec declencheur
333.040;Kit cache fil 4P pour disjoncteur Teco
333.045;Kit cache fil 2P pour disjoncteur Teco
333.050;Disjoncteur 3P+N 63A 10Ka pour armoire festivités
333.055;Bloc Différentiel 4P 63A 100ma + Disjoncteur 4P 63 A - pour armoires festivités
333.060;Disjoncteur 2 P 32A 10KA pour armoire festivités
333.065;Bloc différentiel 2P 40A 100 ma pour armoire festivité
334.002;Disjoncteur 4P 125A
334.005;Disjoncteur SPECTRA 4P 250A
334.007;Disjoncteur SPECTRA 4P 400A
334.010;Disjoncteur SPECTRA 4P 630A
334.015;Disjoncteur SPECTRA 4P 1250A
334.020;Disjoncteur rekord + FE 250A SMR1 50KA 4P4D type FEN 46SA250KKF Borne de neutre gauche
334.021;Jeu de 4 bornes à cage pour disjoncteur
334.024;"Disjoncteur Record + FEN47DA250KF; neutre à GAUCHE"
334.025;"Disjoncteur Record + FEN57DA250JF; neutre à DROITE"
334.026;"Disjoncteur Record + FEN57DA160JF; neutre à DROITE"
334.027;"Disjoncteur Record + FEN47DA160KF; neutre à GAUCHE"
334.028;"Disjoncteur Record + FGN46KA630NNF; neutre à GAUCHE"
334.029;"Calibreur FG630 4P4D SMR2-1/630A; FGRL4NN0630-7"
334.030;"Disjoncteur Record + FGN46KA400LLF; neutre à GAUCHE"
334.031;"Calibreur FG400 4P4D SMR2-1/400A; FGRL4LL0400-7"
334.032;"Borne à cage CuAl 25-95mm²FE; FETCA1416 (disj 160A ou 250A)"
334.033;"Borne à cage CuAl 16-150mm² FE - FETCA1420; (disj160A ou 250A)"
334.034;"Borne à cage FG ext Cu/Al 240mm; FGTCA1427; (disj.400A/630A)"
334.035;"Borne à cage FG ext Cu/Al 240-300mm; FGTCA240B; (disj.400A/630A)"
334.036;"Déclencheur ss CbFG630 SMR2 630A 4P; FGTKA4N0630"
334.037;"Déclencheur ss CbFG400 SMR2 400A 4P; réf : FGTKA4L0400"
334.050;levier de réenclenchement rekord + (petit modèle) réf VynckierFDUT 433539
334.055;levier de réenclenchement Rekord + (grand modèle) Réf vynckier FEUT 433540
334.060;Caches bornes pour Rekord+ 4 P Type FEUA4
334.100;Disjoncteur TERASAKI E630NE 4P FC Réf: 380242
334.103;Contact Auxilliaire pour disj. Terasaki 630A, réf : 000348
334.105;Moteur Disjoncteur TERASAKI 240V -400-630A réf: 756009
335.005;Calibre pour disjoncteur SPECTRA 160/80A
335.010;Calibre pour disjoncteur SPECTRA 160/100A
335.015;Calibre pour disjoncteur SPECTRA 160/125A
335.020;Calibre pour disjoncteur SPECTRA 160/160A
335.025;Calibre pour disjoncteur SPECTRA 250/125A
335.030;Calibre pour disjoncteur SPECTRA 250/160A
335.035;Calibre pour disjoncteur SPECTRA 250/200A
335.040;Calibre pour disjoncteur SPECTRA 250/250A
335.042;Calibre pour disjoncteur SPECTRA 400/160A
335.043;Calibre pour disjoncteur SPECTRA 400/250A
335.045;Calibre pour disjoncteur SPECTRA 400/320A
335.050;Calibre pour disjoncteur SPECTRA 400/400A
335.055;Calibre pour disjoncteur SPECTRA 630/250A
335.060;Calibre pour disjoncteur SPECTRA 630/320A
335.065;Calibre pour disjoncteur SPECTRA 630/400A
335.070;Calibre pour disjoncteur SPECTRA 630/500A
335.075;Calibre pour disjoncteur SPECTRA 630/630A
335.080;Calibre pour disjoncteur SPECTRA 1250/800A
335.085;Calibre pour disjoncteur SPECTRA 1250/1000A
335.090;Calibre pour disjoncteur SPECTRA 1250/1250A
336.005;Bornes à cage pour disjoncteur SPECTRA 160A
336.010;Bornes à cage pour disjoncteur SPECTRA 250A
336.015;Bornes à cage pour disjoncteur SPECTRA 400/630A
341.020;Module de comptage Monophasé 220V 10/60 - 63A - BH - sans RTC
342.010;Module de comptage Triphasé 230V 10/60 - 40A - BH - avec RTC
342.040;Module de comptage Triphasé 230V 10/60 - 32A - BH - sans RTC
343.010;Module de comptage Triphasé 400V 10/60 - 32A - BH - avec RTC
343.080;Module de comptage Triphasé 400V 10/60 - 20A - ST
345.002;Ensemble de comptage 2 pièces pour raccordement multiple
345.005;Ensemble de comptage 3 pièces pour raccordement multiple
345.010;Ensemble de comptage 4 pièces pour raccordements multiple
345.015;Ensemble de comptage 5 pièces pour raccordement multiple
345.020;Ensemble de comptage 6 pièces pour raccordement multiple
345.025;Ensemble 7 pièces pour raccordement multiple
345.030;Ensemble de comptage 8 pièces pour raccordement multiple
345.035;Ensemble de comptage 9 pièces pour raccordement multiple
345.040;Ensemble de comptage 10 pièces pour raccordement multiple
345.045;Ensemble de comptage 11 pièces pour raccordement multiple
345.050;Ensemble de comptage 12 pièces pour raccordement multiple
345.055;Ensemble de comptage 13 pièces pour raccordement multiple
345.060;Ensemble de comptage 14 pièces pour raccordement multiple
345.065;Ensemble de comptage 15 pièces pour raccordement multiple
345.070;VMS 250A
345.071;VMS 400A
345.072;VMS 630A
345.075;Ensemble de comptage 16 pièces pour raccordement multiple
345.080;Ensemble de comptage 17 pièces pour raccordement multiple
345.085;Ensemble de comptage 19 pîèces pour raccordements multiple
345.100;Ensemble de comptage 21 pièces pour raccordement multiple
345.105;Ensemble de comptage 1 pièce pour raccordement multiple
345.110;Ensemble de comptage Spécial 3 pièces 160A 4P
345.111;Ensemble de comptage Spécial 3 pièces 250A 4p (avec T.I), blocs L&G inclus
345.120;Ensemble de comptage 18 pièces pour raccordement multiple
350.006;"R.T.C. 220V E.P/E.N./B.H. fréquence 485 HZ;2équipées 1 libre"
350.007;"R.T.C 220V E.P/E.N/B.H Frequence 485Hz; 6équipées"
350.010;R.T.C. 220V T.T./B.H.
350.015;R.T.C. 220V H.P.-H.C./H.S.
350.030;Coffret 225x175 vide
350.035;Coffret 225x175 avec R.T.C.
350.039;Interrupteur 2P 63A Rail Din
350.040;Contacteur modulaire 63A 230VAC 4NO - R6340230
350.045;Contacteur 40A 230VAC 4NO
350.047;Contacteur 80A 230V
350.050;Relais pour contact hors-potentiel (Bobine + Socle)
350.053;Interrupteur CC pour RTC
350.055;RELAIS 24V + SON SOCLE
350.056;RELAIS 6V dDC 2 W
350.060;Contacteur Télémécanique 4 NO 125A 400V pour ep Terrain de foot
350.065;Compteur horaire pour rail Din contrôle RTC REF Schneider 15440
350.070;voyant lumineux Vert/Rouge sur rail Din schneider A9E18325 (compteur horaire)
350.080;Relais temporisateur Tempolec Délestage Réf:IK7817N81/200
360.005;Axe de guidage (x6)
360.010;Bloc de raccordement multifonctionnel pour 25S60
360.015;Cadre anti-fraude
360.020;Cadre intermédiaire 1 entrée de câble
360.025;Cadre intermédiaire 2 entrées de câble
360.030;Cadre intermédiaire équipé 25S60 4 p 63A fils 16²
360.031;Kit fils Técos pour cadre intermédiaire équipé
360.035;Cadre intermédiaire vide
360.040;Coffret d'alimentation 250x300, 1 entrée de câble
360.045;Coffret d'alimentation 250x300, 2 entrées de câble
360.050;Coffret d'alimentation 250x600, 1 entrée de câble
360.055;Coffret d'alimentation 250x600, 2 entrées de câble
360.060;Coffret pour colonne montante 250x300
360.064;Porte fusible à cartouche 8x31 1P
360.065;Base de Coupe circuit unipolaire 1P 20A
360.066;Coupe circuit bipolaire
360.067;Porte fusible à cartouche 10x38 1P pour Rail din
360.068;Fusible à cartouche 10x38 4A
360.069;Clips de fixation porte fusible 1 P 10x38 Réf 59004
360.070;Etrier de blocage
360.075;Etrier de fixation
360.080;Fusible à broches 4A
360.085;Gaine d'isolation pour protection des barres de cuivre (8 pieces)
360.090;Interrupteur ELOS 125A
360.095;Module de raccordement avec Elos 125A
360.100;Module de raccordement vide
360.105;Passe-câble (4 Pieces)+E592
360.110;Plaque d'obturation
360.115;Plaquette de Fixation
360.120;Profilé de fixation L118
360.125;Profilé de fixation L236
360.130;Profilé de fixation L60
360.135;Réhausse équipée L236
360.140;Set anti-traction
360.145;Set d'accouplement
360.150;Vis de fixation de couvercle D3,5x16mm DIN 7981-BZ
360.155;Profilé Aluminium (Longueur 3m)
360.160;Vis 3,5 x 16 - (en sac de 50 pièces)
360.162;Vis ZTP 3,5 x 22 (500 pièces)
360.165;Vis ZTP 4,2 x 45-13 (500 pièces)
360.170;Vis ZTP 3,5 x 13 (500 pièces)
360.175;Kit couvercle Paygard pour 25S60
360.180;Tableautin tp 200 pour Payguard 3P+N
360.181;Tableautin TP 200 iv DT
360.185;Plaq Gam A pour Budget dimension 340 s/ 226
360.190;Plaq Gam B pour Budget dimension 204 s/ 230
360.195;Plaq Gam B pour pose disjoncteur Budget dimension 204 s/ 230
360.200;Plaque GAM C pour disjoncteur coffret Electrabel Dimension 202mmx126 mm VERTICALE
360.205;Plaque GAME D pour disjoncteur coffret Electrabel dimension 202mm x126mm Horizontale
360.250;Coffret Vynckier Aria 75 à poignée IP66
360.255;Plaque pertinax pour coffret Aria 75 650x450
370.005;Coffret APO 61 (600x300x175) avec couvercle pivotant en polycarbonate 852122
370.006;Coffret APO 61 (600x300x210) en polycarbonate 852214
370.010;Coffret APO 12 (600x600x175) avec couvercle en polyester 852183 - 856056
370.011;Coffret APO 11 (600x370x175) avec couvercle polyester Réf Vynckier /856055
370.015;Plaque de montage Pertinax 5mm pour coffret APO 61 600mm x 370mm 851286
370.020;Plaque de montage Pertinax 5mm pour coffret APO 12 600mmx 600mm 852174
370.025;Plaque de montage en mousse de polyuréthane (1305x670x12)
370.027;Plaque de montage en mousse de polyuréthane (600x600x12)
370.030;Jeu de pattes de fixation en inox pour coffret APO
370.035;Jeu de plaquettes de plombage pour coffret APO
370.040;Boulon à ailettes pour vis coffret APO
370.045;Canon fileté M6
370.050;Coffret APO 12 (600x600x175) avec couvercle en polyester
370.051;Coffret APO 12 (600x600x210) couvercle en polycarbonate 852228
370.055;Coffret APO 11 avec couvercle en polyester
370.060;Plaque de montage Pertinax 5mm pour coffret APO 11 réf Vynckier 851289
370.065;Charnière en matière moulée Type A pour coffret APO
370.070;Set de vis de fixaxtion pour plaque Pertinax APO 12
370.100;coffret MNX pvc pour Flair 22 D 180x180x100 mm Gris Réf: PC175100HG
380.005;Fil V.O.B. 1,5²
380.010;Fil V.O.B. 2,5²
380.015;Fil V.O.B. 4²
380.020;Fil V.O.B. 6² noir
380.025;Fil V.O.B. 10² noir
380.031;Fil V.O.B. 16² vert/jaune
380.035;Fil V.O.B. 25²
380.040;Fil V.O.B. 35²
380.045;Fil V.O.B. 50²
380.046;Fil V.O.B. st 0,75² Brun
380.047;Fil V.O.B. st 0,75² violet
380.048;Fil V.O.B. st 0,75² bleu
380.049;Fil V.T.B. st 0,75² Noir
380.050;Fil V.O.B. st 1,5²mm Bleu
380.051;Fil V.O.B. st 1,5² Rouge
380.052;Fil V.O.B. st 1,5² Blanc
380.053;Fil V.O.B. st 1,5² Noir
380.054;Fil V.O.B. st 1,5² Jaune/Vert
380.055;Fil V.O.B. st 2,5² Bleu
380.056;Fil V.O.B. st 2,5² Rouge
380.057;Fil V.O.B. st 2,5² Noir
380.058;Fil V.O.B. st 2,5² gris
380.059;Fil V.O.B. st 2,5² brun
380.060;Fil V.O.B. st 4²
380.061;Fil V.O.B. st 1,5² Gris
380.062;Fil V.O.B. st 1,5² Brun
380.065;Fil V.O.B. st 6² noir
380.066;Fil V.O.B. st 6² bleu
380.067;Fil V.O.B. st 6² vert/jaune
380.070;Fil V.O.B. st 10² noir
380.075;Fil V.O.B. st 16² vert/jaune
380.080;Fil V.O.B. st 25²
380.085;Fil V.O.B. st 35² vert/jaune
380.090;Fil V.O.B. st 50²
380.091;Fil V.O.B. st 50² vert/jaune
380.093;Fil V.O.B. st 70²
380.095;Câble X.V.B. 3G1,5² gris (m)
380.100;Câble X.V.B. 3G2,5² gris (m)
380.102;Câble X.V.B. 3g4² gris
380.103;Câble X.V.B 5G1.5 gris
380.105;Câble X.V.B. 5G2,5 gris
380.107;Câble X.V.B. 7G2,5 gris
380.110;Câble X.V.B. 5G4²
380.112;Câble X.V.B. 4x6
380.115;Câble X.V.B. 4G1,5² gris
380.117;Câble CTMB 2x1,5²
380.119;Câble CTMB 2x2,5²
380.120;Câble CTMB 3G1,5²
380.125;Câble CTMB 3G2,5²
380.130;Câble CTMB 5G6²
380.135;Câble CTMB 5 G 25²
380.140;Câble CTLB 2 x 0,75 (noir)
380.160;Câble VTMB 2 x1,5² - H05VV-F VTMB câble souple PVC gaine lisse gris 2X1,5mm²
380.161;Câble VTMB 2 x1,5² - H05VV-F VTMB câble souple PVC gaine lisse blanc 1,5mm²
380.170;LINEAX 5G1,5-ECA / H07RN-F5G1,5-ECA B (m) (relamping)
380.171;LINEAX 3G1,5-ECA (m)
380.172;LINEAX 3G2.5-ECA (m)
380.200;Câble LIYY 6x2,5 pour comptage HT
380.205;Câble LIYY 4x2,5 pour comptage HT
380.250;Câble Cuivre /Plomb boucle de terre fond de fouille
380.300;Câble téléphonique 4 x 0.8 (pour cptage) (prix au mètre)
390.006;Ecrou PG 21
391.003;Bouchon PG 21
391.004;Bouchon PG 36
391.005;PRESSE-ETOUPE GRIS M25
391.006;Bouchon PG 16
391.010;CONTRE-ECROU M25
391.011;Presse -Etoupe GR 106/ 21 PG21
391.015;BOUCHON M25
391.020;PRESSE-ETOUPE M32
391.025;CONTRE-ECROU M32
391.027;BOUCHON M32
391.030;PRESSE ETOUPE M 40
391.035;CONTRE-ECROU M40
391.040;BOUCHON M40
391.045;PRESSE-ETOUPE M50
391.050;CONTRE-ECROU M50
391.055;BOUCHON M50
391.060;PRESSE-ETOUPE M63
391.065;CONTRE-ECROU M63
391.070;BOUCHON M63
391.075;PRESSE-ETOUPE M16
391.080;CONTRE-ECROU M16
391.085;PRESSE-ETOUPE M20
391.090;CONTRE-ECROU M20
391.091;Bouchon M20
391.100;Goulotte p 60 x140mm gris longueur de 2 Mètre
392.015;Kit de remplacement pour disjoncteur
393.003;Scellées en plastic de couleur (en sac de 1000 pièces) (sac)
393.010;Bobine de fil à sceller ( Fil PVC 0,5 x 0,6 - bobine +/- 100 M) (article arrêté)
393.011;Fil pour scellé acier 0.3x0.3 (bobine de 100 m)
410.005;T.W.A.V.B. 21x2x0,8²
410.010;T.W.A.V.B. 27x2x0,8²
410.015;T.W.A.V.B. 61x2x0,8²
410.020;T.W.W.A.V. 14x4x0,8²
410.025;T.W.W.A.V.B /PJ 30x4x0,8²
410.030;T.W.L.A.V.B 120x2x0,8²
410.035;T.W.L.A.V.B 21x2x0,8²
410.040;T.W.L.A.V.B 52x2x0,8²
410.045;Fil T.W.A.V.B 7x2x0.8 fil de téléphonie armé (signalisation) (m)
410.050;Câble 4P C6 PE U/UTP outdoor Réseau Informatique
420.005;Câble Téléphone aérien 99 - 28x2x0,8²
420.010;Câble Téléphone aérien 99 - 56x2x0,8²
420.025;RTU -CPU 300 T-Box
420.030;Centrale DIRIS A60
425.005;Câble Fibre Optique Monomode 72 Fibres LTC ADSS G657 (6*12) à tirer (m)
425.010;Câble Fibre Optique Monomode 72 Fibres LTMC PA G657 (6*12) à souffler (m)
425.011;Budi-FO-ODF/12f
425.015;Câble Fibre Optique A-DQ(BN)2Y5HD) (6x4)
425.020;Câble Fibre Optique Monomode 144 Fibres LTMC PA G657 à souffler (m)
425.025;Fibre optique LTMC 24 (6x4) G657 A1 à souffler
425.050;pince de suspension Fibre optique diam:10.8 à12mm Type DUL-DI3064-01
425.055;Pince de suspension pour fibre Optique GE 90151 (Drugman)
425.097;Chambre de tirage LOT- Dim: 500 x 400 x350 - Tampon noir B125
425.098;Chambre de Visite modulaire polycarbonate EK 338 int 550x1165-EXT 700x1300 H 810mm (moyenne) (1*350+1*220)
425.099;Chambre de Visite modulaire polycarbonate EK 338 int 550x1165-EXT 700x1300 H 820mm (moyenne)(2*220+2*70)
425.100;Chambre de Visite modulaire polycarbonate EK 478 int 400x1165-EXT 550x1300 H 820mm (2*220+2*70)
425.101;Element en polycarbonate chambre de visite EK478 H:22 x 55 x 130 cm
425.102;Element en polycarbonate chambre de visite EK478 H:7 x 55 x 130 cm
425.103;Element en polycarbonate chambre de visite EK338 H:22 x 70 x 130 cm
425.104;Element en polycarbonate chambre de visite EK338 H:7 x 70 x 130 cm
425.105;Centreur Drainant 110mm pour chambre de visite en polycarbonate
425.109;"Support mural pour GC02-6, ""MOBRA-8-FIX"""
425.110;Supportd'Enroulement pour FO en inox larg :600mm 3comp 45-45-20mm avec berceau 300mm
425.115;Patchcord FO Duplex SM/PC 09/125 avec connecteurs LC/UPC jaune, 5M
425.116;Patchcord F.O Duplex avec connecteur LC/PC-LC/APCB 9/125,LSZH, longueur 3M
425.117;Patchcord Duplex LC/APC 9/125? - OS2 - LSZH - Jaune, diam 2mm, longeur 8m, réf : 6EFO0381.8
425.118;Patchcord Duplex LC/PC-LC/PC 9/125LSZH- Jaune, diam 2mm, longeur 10m, réf : 6EFO035010-2
425.119;Patchcord Duplex LC/APC-LC/APC 9/125? OS2 LSZH JAUNE diam 2mm 1m réf: 6EFO0381-1
425.120;Patchcorgd Duplex avec connecteur LC/PC-LC/PC 9/125 LONG 5 m
425.121;Patchcord Duplex LC/PC-LC/APC 9/125? OS2 LSZH JAUNE diam 2mm 2m réf: 6EFO0384-2
425.125;Gaine PEHD 50x4 VERT RAL 60108pour Fibre Optique
425.130;Fil de tirage Nylon torsadé diamètre6mm par 1000 mètre
425.135;Gaine Bundel Multitubes 7PP44x0.9 12Tubes 4x2mm RAL6018 pour fibre Optique
425.140;MANCHON GAINE FO - Réf: 6PLPUSH50 RACCORD PUSH-FIT 50 mm /PC
425.141;Manchon d'étanchéité entre Microgaine et microcâbleGabocom EZA-T14/5.0-6.5
425.142;Compression system pour obturateur DUPLEX 10-41mm JM-DUM-40Zasy
425.143;Obturateur Jackmoon biplex diam.int.tube 40mm, dial cable est.12mm ref JM-DUM-40ZGH-12
425.144;Obturateur Jackmoon simplex câble aérien, diam.int.tube 38-42mm, diam câble ext. 9-14.5mm, réf:15S057SB
425.145;Gaine FO - Obturateur Jackmoon Blank pour tube Diamètre INT 38-46mm Type Jackmoon
425.150;Multi connecteur pour Gaine FO - microtube 14mm Direct Buried sans clip
425.153;Microtube 14x2mm (transparent + 4 lignes rouges)
425.154;Microtube 14x2mm LSZH (intérieur/extérieur) Blanc
425.155;Bouchon pour microtubes 14/10mm Direct buried FO
425.156;"FIST-GCO2-RSK-LTS; porte ronde étanche pour GCO2; pour un câble de 5 à 30mm"
425.157;FIST-RSKG-4, porte ronde multi câble en structure gel pour FIST-GCO2 pour max. 4 câbles de 4 à 7 mm, Muni du système de fixation
425.158;ABT F.O GR3-FIST-GR3-R-150/300-22BESB (150-600-300B
425.159;FIST-RSKG-2/pce Porte ronde multi câble en structure gel
425.160;Pince de suspension DALTEO2 /RL pour câble FO de 11,3mm à11,9mm
425.161;FIST-GCO2-BC2BD-V-EP-01/pce Kit d'extension BC=>BD
425.165;Protection pour Rack 19'' pour armoire'EF6921421B
425.166;FOMS-FPS-0-SG-NNO (Tiroir 1U 19)
425.167;FISTV-E7187-6316 (velcro 25mm)
425.168;FOMS-FPS-O-COVER (couvercle)
425.170;Console de suspension en acier galvanisé M14 ou 16 Fibre Optique Réf: 6 TO CONSC1500
425.175;Boulon queue de cochon diam.14 longueur 300 Fibre optique Réf: 6BQC14300
425.180;Boulon queue de cochon diam 16 longueur 350 mm fibre optique Réf: 6TOBQC16350
425.190;Pince d'ancrage TVDdiam: 10 à 12 mm cablette 500 mm fibre optique Réf: 6TOACADSS10
425.195;Poignée M18 x450 ouverte pour pince de suspension FO
425.200;Connecteur vert 8° embase LC/APC
425.201;PIGTAIL SM/LC/APC 8° vert réf: 6EFO0482SET
425.202;SMOUV protection épissure 45mm
425.203;BC8 - FO - (FIST-GCO2-BC8-NN)
425.204;Bloc 4 Casettes (FIST-SOSA2-4SE-S)
425.205;Bloc 8 Casettes (FIST-SOSA2-8-SC-S)
425.206;Switch 1043E-SFP-3VI PRO3
425.207;SFP SM 1310nm 1.25gb 10Km
425.208;Joint de réparation en cloche 415*76*71 - OFDR
425.210;PIGTAIL SM/LC/UPC 0° bleu (set de 12 pcs)
425.211;Connecteur bleu 0°embase LC/UPC réf: OC-ADK-L1-L1-NNCD (sachet de 24pcs)
425.212;Bloc 4 casettes (FIST-SOSA2-4-SC-S/BLOC)
430.005;Pince d'ancrage pour réseau aérien de télésignalisation
430.007;Connecteur Thermo fusible 0.2 /0.7 mm
430.008;Connecteur Thermo fusible 0.5/1.50mm²
430.010;Connecteur Thermo fusible 1.5mm²
430.011;Connecteur bout à bout Thermo à souder 4.5 mm²
430.013;Connecteur Thermo fusible 2.5mm²
430.014;Connecteur 3M Scotchlok U1R (en boite de 100 pièces) (boîte)
430.015;Terminale 3x10²
430.020;Prise téléphone Bticino
430.025;Sapin à souder 20 paires
430.030;T.I. Tore 400/5A
430.035;T.I. Tore 100/5A
430.040;Relais Télémécanique RM1-XA0061
430.045;Coffret série 55 avec couvercle opaque
430.050;Bloc de jonction auto-dénudant gris ENTRELEC
430.055;Bloc de jonction auto-dénudant orange ENTRELEC
430.060;Bloc de jonction auto-dénudant bleu ENTRELEC
430.065;Bloc de jonction auto-dénudant jaune-vert ENTRELEC
430.070;LED 24V Rouge
430.075;LED 24V Verte
430.080;LED 24V Orange
430.100;Tore 59963 Schneider Tore MF 1
430.103;"IKI-20B2; 3x IKI-LU; 3x connecting leads 3m (complete set )"
430.104;Blinker Red Led unit for IKI+Plate 65x50mm + Wire 7m
430.105;FL 22 EM 558352 Flair 22D
430.106;IKI-50_1F
430.107;IKI_50_2F
430.108;CAPDIS_S2+ (1 seule boite contient ref 430.108+430.109)
430.109;CAPDIS C2M-Modul Sx_R4 - MODUL pF (1 seule boite contient ref 430.108+430.109)
430.110;Lot de connecteurs pour Flair 22d
430.115;Câble faisceau court pour 3 Tore MF1, réf C2090311
430.120;Voyant Vert/Rouge Led EXT. réf 599888 AA Kit Flair 22 D Schneider
430.200;Borne Wago pass Topjob 2.5mm²3cond Bleu Réf: 2002-1304
430.205;Borne Wago pass Topjob 2.5mm²3cond Orange Réf :2002-1302
430.210;Wago Topjob S PLEXTREM/INTERM Orange 3C Réf: 2002-1392
430.215;Wago Topjob Borne 2 C Marqu.Central/Bleu Réf:2002-1674
430.220;Wago Topjob S 2-L-TRENNKLEMME, Orange Réf:2002-1672
430.225;Wago Topjob Plaque d'extrémitéet intermédiaire/1mm Réf:2002-1692 orange
430.230;Wago borne de mesure sectionnable Réf:282-870
430.235;Wago plaque d'extrémité/gris Réf:282-392
430.240;Wago relais-Baust.1XUM RT 12V DC Réf:788-303
430.245;Wago Topjob Réf 2002-402 Cavalier (barre bus), Bornier, Topjob S Blocs de jonction montés sur rail, 2 Voies, 5.2 mm
430.250;Wago Topjob réf 2002-404 Pont de connexion quadruple pour WAGO 2002-xxxx
430.255;Wago Topjob Réf :2002-433 Peigne de pontage
430.265;Wago Topjob Réf: 2002-1301 (GRIS)
430.270;Wago top job Réf: 2002-1671
440.005;Jonction de Signalisation XAGA 530-43/8-230A365
440.010;Jonction de Signalisation XAGA 530-75/15-300A365
440.015;Jonction de Signalisation XAGA 530-92/30-400A365
513.005;Lanterne LPH 125W Acec
513.010;Plexi AEG
514.005;Armature VZ 36 W
514.010;Armature VZ 55 W
514.011;capot pour Armature VZ 90-91 W
514.012;Plexi pour armature VZ 55 W
514.013;Armature VZ 90W Réf schreder GZ31SB
514.014;Armature VZ 91W
514.015;Armature Schréder 90 W
514.020;Plexi pour armature Schréder 90 W
514.021;Fixation universelle inox diam 60 mm pour armature VZ Schreder
514.030;Plexi protecteur complet avec trou pour armature Z1 Grand
514.035;Plexi protecteur pour armature Z1 (Z18) (petit)
514.040;plexi pour armature Z2 pmma HOOG
514.050;Armature Schreder BELGICA Sont T 70W Optique Routière RAL 6009 VERT+adaptateur 60mm
515.005;Armature MC12 SON-T 70 W
515.008;Armature MC12 SON-T 70W de réemploi
515.010;Armature MC12 SON-T 100 W
515.015;Armature MC12 SON-T 150 W
515.020;Armature MC 2 SON-T 250 W
515.024;ARMATURE SCHREDER SATURNE SON-T 50 W
515.025;Armature Schréder SON-T 70 W Saturne 3S
515.026;Armature CDMT 150W-T830 schreder
515.027;Armature CDMT 70w-T830 Schreder
515.028;kit d'éclairage à encastré dans le sol : Armature Midi Terra + Kit fixation - Terram-000843 et TBP000366PTS
515.029;corus avec BO centré /Projecteur de façade CDMT 70w-T830
515.030;Capot pour armature MC12
515.031;Focal gobo horloge/ CDMT 150W- Lampe à foyer Horloge
515.032;kit d'éclairage à encastré dans le sol : Armature Midi Terra 16 LED + Kit fixation - TERRAM-000951 et TBP000366PTS
515.033;Luminaire illumination POSS, 40Led 350mA HP2 STD - AKZO 900
515.035;Armature Schreder K-LUX SON-T 70 Watts
515.040;Armature Philips Citysoul CP00-T 431 90 Watts avec lampe
515.045;Armature Phillips city soul CP00T 431 60 Watts avec lampe
515.046;Armature Phillips city Soul CPOT 45W CGP-431 avec lampe
515.050;Armature Phillips Koffer SGP100 150Watts avec lampe
515.055;Armature Projecteur TITANO SAP-T400W E40 84466M (Hall omnisports de Wavre) 2011
515.060;Armature Philips mini iridium LED BGS451 GRN24-2S/830I
515.065;Armature Schreder Furyo type 1CPOT 60W ref f:2506774
515.070;Plexi PROT GZ 90 (ou 66W)
515.075;Armature Schreder HESTIA CDMT 70W
515.080;Armature Schreder Falco type 1 CPOT 45W Philips
515.085;douille BY 22 pour lampe Sox
515.105;Obturateur +socket E27 avec fil pour Armature MC12 (socket avec fils)
515.110;Obturateur avec douille BY22 + Fil pour armature VZ (socket +fil)
515.115;Armature Schreder ISLA 34 LED Réf Schreder 2506991 AKZO 900 Gris Sable
515.120;Armature Neos Zébra HPI-T 250watts
515.150;Joint silicone pour armature Terra Maxi Réf Schreder 2510337
515.200;Armature ISLA 24 leds 350Ma 28W Blanc Chaud Optique Lensoflex - AKZO900
515.205;Armature ISLA 16 Leds Blanc Chaud Optique Lensoflex - AZKO900
515.210;Armature Hestia Mini 24 Leds Blanc Neutre Verre Bombé - AKZO900GS
515.250;Armature TECEO 1 Schreder 32 Leds 500mA Dimming DALI - AKZO150/AKZO900
515.255;Armature TECEO 32 leds 700Ma dimming embarqué
515.260;Armature TECEO 32 Leds 700Ma Dimming DALI
515.265;"Armature Schréder Teceo1,16 Leds, 500mA;Dimming DALI"
515.270;Luminaire SCULPdot, 230V CLI, no cable
515.271;SCULCA Power Câble, 2m 3G2.5 (pour 515.270)
515.299;Armature Neos 1 16 LEDS NEOSL16-600mA-HP2-STD- AKZO900GS
515.300;Armature Neos 3 48LEDS NEOZ000009 ESS Cool White GAUCHE- AKZO900
515.305;Armature Neos 3 64 LEDS NEOSL3-000701 - AKZO900 (ZEBRA)
515.310;Armature Ymera1 - Akzo900
515.315;Armature YOA MIDI - Akzo900
515.316;Lyre pour Armature YOA MIDI - Akzo900
515.320;Armature ALYRIA 6600 -EVO2 - 32 led 4000K - Gris sablé 2900
515.321;Armature ALYRIA 6600 -EVO2 - 16 led 4000K - Gris sablé 2900
515.325;Armature ALYRIA 6600 -EVO2 - 32 led 3000K->4000K - Gris sablé 2900
515.326;Armature ALYRIA 6600 -EVO2 - 16 led 3000K->4000K - Gris sablé 2900
515.330;Armature Ramatuelle 648 suspendue - 32 led 4000K - Gris sablé 2900
515.335;Armature Ramatuelle 648 portée - 32 led 4000K - Gris Sablé 2900
515.336;Armature Ramatuelle 648 portée - 32 led 4000K - RAL9005 Noir
523.006;Ballast ELT VMI 125 pour HPL 125 W (ELT5112510)
524.005;Ballast BSX35 L pour SOX 35 W
524.010;Ballast BSX55 H26 pour SOX-E 36/SOX 55 W
524.015;Ballast BSX90 H26 pour SOX 90 W
524.025;Amorceur SX70 pour SOX 90 W
524.030;Amorceur SX72 pour SOX-E 36/SOX 55 W
524.035;Amorceur SX74 pour SOX-E 91 W
525.004;ballast BSN 70 L34 pour SON 70W
525.005;Ballast BSN 70L33 pour SON 70W
525.006;Ballast HSD / HID VAPOUR 70 W ( pour SON 70W - boules )
525.007;Ballast HID VAPOUR 70 W (remplacé par 525.011)
525.008;Ballast HID pour SON-T 150 W
525.010;Ballast BSN 100L33 pour SON 100W
525.011;Ballast PVC 070SCDM remplace HID VAPOUR 70W (525.007)
525.015;Ballast BSN 150L33 pour SON 150W
525.020;Ballast BSN 250L33 pour SON 250W
525.025;Amorceur SN57 pour SON (T) (PLUS) 50-70 W
525.026;AMORCEUR SND 57 pour SON 50-70
525.030;Amorceur Z400MKD20 pour SON (T) (PLUS) 100-400 W
525.031;AMORCEUR SND 58 pour SON
525.040;Ballast PV 090XTC -HID-DV DALI Xt 90 /S CPO 208/277V
525.041;"Ballast Philips HID-DV Prog xt 60 CPO C1 208-277V; réf Euroka : 20453400"
525.050;Smartnodes - Smartnodes - SLP-R1 + SLN-R2
525.060;Smartnodes programmé Schreder
525.070;Smartnode non programmé CDEL- SLP-R1 + SLN-R1
525.081;Smartnode - Noeux - SLN-G3-R2-SP2B-CBL-6M
525.082;Smartnode - Power unit - SLP-G3-R1-3W-P0
525.083;Smartnode - Contrôleur ZHAGA- SLC-G4-R2-SPOC (sans Gateway)
525.084;Smartnode - Lightbox - SLS-G3-R2-SP2B-P0-1P
525.091;Smartnode - APS-G3R2-WP-SIM-SN
525.101;Philips Xitanium FULL Prog LED Xtreme drivers Xi FP 75W 0.2-0.7A SNLDAE 230V C133 sXt - 929001408406
526.005;Ballast BHL1000 L78 pour HPI (T) 1000-2000W / HPL 1000 W 230 V
526.010;Ballast BHL2000 L50 pour HPI (T) 2000 W 400 V
526.011;Ballast BHL2000 L18 pour HPI 380V
526.015;Ballast BAL1000 2A 230 pour HPI (T) 1000-2000 W 230 V
526.020;Ballast BM1000 230 pour MAIH 1000 W
526.022;Ballast BH 2000 W
526.023;ballast BHD 2000 L76
526.025;Amorceur SI 52 pour HPI (T) 1000-2000 W
526.027;Amorceur SI 51 ignitor HPI(T) 250 - 400W
526.030;Amorceur SI 54 pour HPI (T) 2000 W
526.035;BALLAST CDM-T 70W (HdV)
526.040;Amorceur Z 2000 -S 400v pour hpit 2000 Watts (terrains de foot LIMAL)
527.005;Ballast Dimmable avec Dynamer Armature LED
531.040;Socquet droit 75 Watt E27 pour lampe
531.045;Lampe Halogène Decorstar S51 20W 12V pour Triangle de Signlisation route
531.050;Socquet E40 en porcelaine Etraxe 3/8ème
531.055;socquet complet Zénith pour MHLNA 2000 watts
532.005;Lampe TL 58 W
532.010;Lampe TL 36 W
532.015;Lampe TL 30 W RS
532.020;Lampe TL 30 W
532.025;Lampe TL 20 W RS
532.030;Lampe TL 18 W
532.031;Starter TL 4-65Watts
532.034;Starter TL 18 -65W
532.035;Lampe économique 9 W
532.036;Starter TL 4-80Watts
532.040;Lampe économique 13 W - MASTER PL-C 13W/827
533.015;Lampe HPL-N 250 W
533.020;Lampe ML 160 W
534.005;Lampe SOX 35 W
534.015;Lampe SOX PSG 55 W
534.020;Lampe SOX 90 W
534.025;Lampe SOX-E 91 W
535.005;Lampe SON 70 W
535.010;Lampe SON 250 W
535.015;Lampe SON-T 70 W
535.020;Lampe SON-T 100 W
535.025;Lampe SON-T 150 W
535.030;Lampe SON-T 250 W
535.035;Lampe SON-T 400 W
535.040;Lampe MASTER CosmoWhite CPO-TW Xtra 60W/728 PGZ12 (City soul)
535.045;Lampe Philips CPO-T 45 W /628 Cosmo White
535.050;Lampe CPO-T 140 W /728 PGZ12
535.055;Lampe MASTER CosmoWhite CPO-TW Xtra 90W/728 PGZ12
536.003;HPI-T-PLUS 250w/645
536.005;HPI-T 1000 W 643
536.010;HPI-T 2000 W 400V
536.011;Lampe CDM-TD 70W/830 RX7s
536.015;Lampe CDM-T 150W 830
536.020;Lampe CDM-TT 150W942 E40 Philips (passage pour piétons)
536.025;Lampe CDO-TT 70 W 828+
536.030;Lampe CDO-TT 250W 830+
537.005;Lampe Halogène 2000 W R7S
537.010;Lampe Halogène 2000 W FA4
537.015;Lampe Halogène 1500 W R7S
537.019;Lampe Halogène 300 W
537.020;Lampe MHN-LA 2000 Watts 400V
537.021;Lampe MH-TS 2000/XL/K12/45
538.002;INTERRUPTEUR SECTIONNEUR MG 15005
538.003;Interrupteur sectionneur 2P 63A 415V
538.005;LUMINAIRE DECO K-LUXT 3997133HC600 + LAMPE SON-T 100W
538.010;LUMINAIRE DECO K-LUXT 2997133HC600 + LAMPE SON-T 70 W
538.012;PROJECTEUR 5 STARS 1/C + FIXAT. POT. + LAMPE CDM-T 70 W (H de V)
538.015;LAMPE MASTER CDM-T 70W T830 (POTELET CENTRE VILLE)
538.020;LAMPE SDM-T 50 W (CHASSEUR A CHEVAL)
538.022;LAMPE CDM-T 35 W/830
538.025;LAMPE MC12 T2 (VILLE DE WAVRE)
538.030;LAMPE VZ3 SS3 (VILLE DE WAVRE)
538.040;LAMPE SON I 70 W
539.005;"HQL LED Pro 46W 840 400K 6000lm E27 - ""Quai au Huitres"""
541.000;Potelet acier galvanisé avec potence 8m Mètre RAL 7043
541.005;Potelet Acier 10m
541.010;Potelet Aluminium 10m
541.015;Potelet Aluminium 12m (Zoning)+E660
541.020;Potelet Aluminium 6m à enfouir
541.021;Potelet Aluminium 6m à enfouir de couleur verte
541.023;Potelet Aluminium (VALMONT) 7 m à enfouir
541.025;Potelet Aluminium 8m à enfouir - VALMONT
541.027;Potelet Aluminium 10m à enfouir - VALMONT
541.030;Potelet Aluminium HS 5m
541.035;Potelet Aluminium 6m à semelle - VALMONT
541.040;Potelet Aluminium 8m à semelle
541.045;potelet acier 6m à enfouir Armast
541.050;Poteau ST/LRC 80-60/152 GalvaniséAKZO 900 de 8m avec portillon ARMAMAST
541.055;Potelet ST/LRC 60-60-/133 Aliuminium 6m
541.060;Poteau Cylindro-Conique pour armature ISLA 5m hors sol
541.065;potelet AL/LRC 60-60/120 Armamast
541.070;Arceau de protection pour potelet diamètre 60mm /hauteur 1600mm
541.075;Potelet Acier HPE 5m mètres AKZO 900 GRIS sable Declercq
541.080;Potelet Acier HPE 6m AKZO 900 GRIS sable Declercq
541.085;Crosse double R2 En T Diam 60mm inclinaison 5° acier galvanisé réf: 25090015
541.090;Potelet acier epaisseur 4 mm 8m Hors sol avec semelle 400x400 Trous 300x300 Couleur AKZO 150 + Tige d'ancrage
541.100;Candélabre Solarium 320 Ragni-RAL AluChoix (20/18x400)+ tige de fixation (10-20x400)
541.105;Candélabre 5M Hors Sol (5.8m) AKZO 900 Gris Sablé Acier Galvanisé
541.110;Candélabre 6M Hors Sol (7m) - AKZO 900 Gris Sablé Acier Galvanisé
541.115;Candélabre 8M Hors Sol (9.2m) TM60mm - AKZO 900 Gris Sablé Acier Galvanisé
541.120;Candélabre 10M Hors Sol (11.5m) - AKZO 900 Gris Sablé Acier Galvanisé
541.200;Ensemble Nation Ragni Armature et potelet +tige de fixation (Gris sablé 2900)
541.205;Poteau Alura-Inoa-Isla Hauteur hors sol 4.5m à enfouir - AKZO900
541.210;Poteau Condor avec crosse H6493 Rond Conique Acier galvanisé 6m hors sol - 7m - AKZO900GS
541.215;Console simple Pour Hestia 2 -Avancée 1150mm Acier galvanisé - AKZO900GS
541.220;Crosse Elaya pour TECEO 1-2 pour potelet diamètre 60mm.
541.300;Poteau 6m cylindro-conique Conica P.ARC.6M.S 10060-K10 Acier galvanisé peint Hauteur 6000mm - AKZO900
541.305;P.ARC.6M.S Poteau cylindro-conique Conica 10060-K10 Acier galvanisé peint Ral ... Hauteur 6000mm
541.310;FIXATION VERTICALE ENVELOPPANTE SIMPLE DIAM 60 mm pour NEOS - AZKO900
541.315;Potelet acier galvanisé avec potence HPE 5.75m Mètre RAL 7043
541.318;Poteau Nation 10000 D60 L150 mat acier noir 2200 sablé
541.319;Ensemble Nation 1000 48 LED (Armature + poteau)
541.320;Ensemble Nation 1000 pour Opticaled 30 LED( Armature + poteau)
541.321;"Console d'attache simple + vis; diam 60mm; DEGE_AT60E"
541.322;"Console d'attache déportée + vis; diam 60mm; DEGE_AT60Q"
541.323;"Console d'attache en croix + vis; diam 60mm;DEGE_AT60K"
541.325;Poteau 6M - P.KAU.KBE7630SV-Smartnode - Poteau cylindro-conique M.076.60.3 acier galvanisé peint Hauteur 6000mm hors sol (7m) - AKZO900
541.326;Crosse simple top de mât pour poteau top V76 - CP.KAUF.BREST.1000.550P.KAU.KBE7630SV-Smartnode - acier galvanisé peint - AKZO900
541.327;Mât conique Akzo 900 Hpe 8m + Crosse, route de Rix et Av Mérode
541.328;Mât conique Akzo 900 Hpe 8m - d60
541.330;Poteau 6M- P.KAU.KBE7630SV-Smartnode 2 - Poteau cylindro-conique M.076.60.3 acier galvanisé peint Hauteur 6000mm - hors sol (7m) - AKZO900
541.340;Poteau Jima 4m à enfouir - 118/60 CC-Conicite 15 - Gris sablé 2900
541.344;Poteau Jima 6m à enfouir - 150 0036166/60 CC-Conicite 15 - RAL9005 NOIR
541.345;Poteau Jima 6m à enfouir - 150 0036166/60 CC-Conicite 15 - Gris sablé 2900
541.346;Console LYCOS 65 - Gris sablé 2900
541.347;Console double DATANA
541.348;Crosse TURIN 5/30 2F P/MAT D.60 Gris sablé 2900 Laterale incl 5°
541.350;Poteau HARMO 4m à enfouir - HARMO 400 118/60 CC - Conicite 15 à enfouir - P400x75
541.355;Poteau HARMO 6m à enfouir HARMO 600 150 0036166/60 cc-CONICITE 15
541.360;Poteau 8mCyl conique à enfouir - Akzo150
541.361;Mât conique Azo900 Hpe 6m - d60
541.362;Mât conique Azo900 Hpe 5m - d60
541.365;Candélabre 9M et Armature éclairage KETCH LEDs neutral white - 2 feux avec logo Ville de Wavre - AKZO150
541.370;Candélabre 9M et Armature éclairage KETCH LEDs neutral white - 1 feux avec logo Ville de Wavre - AKZO150
541.375;Candélabre 6M et Armature éclairage KETCH LEDs neutral white - 1 feux avec logo Ville de Wavre - AKZO150
541.380;Poteau KELAS R 4M D.60 Gris sablé 2900
541.400;Capuchon potelet Prot.écrous M24 (4pcs)
541.401;Intermédiaire (embout reducteur recouvrant) D60 P/MAT D76
542.005;"Bornier SOGEXI Interpak + Por.Fus. 10x38 + 5BD3; réf IP2F5BD3"
542.006;Bornier raccord. potelet EKM-2050FH-5S-1R/A
542.007;Bornier raccord. potelet EKM-2051FH-2R/A
542.008;Boitier Interpak + 2Ph/N 10/38 + 5BD3 + pour SLP Smarnode réf: IP2FN5BD3SLP LxPxH 69x81x340
542.010;Boitier potelet IP 44 alimentation détecteur SMARTNODE
542.020;Boitier potelet Interpak IPH - 2x TET10-14 - Schreder
542.025;Boitier EUROPAK sans borne (couvercle rehaussé)
542.026;Boitier EUROPAK + 2Ph/N 10/38 + 5BB3 + pour SLP Smartnode LxPxH 98x84x428
542.030;Coffret de protection electrique d'armature d'éclairage public CDEL - (GRIS) réf: 17S1004
542.040;Parafoudre type 2 type 3 <10A
542.041;Protection surtension GEMOVE pattes longues isolées
542.042;Sectionneur fusible compact téco I+N 10x38 1 mod de large (12/336) 400V
543.005;Disjoncteur 1P 16 A
543.006;Disjoncteur 1P 10A - L9C101
543.010;Disjoncteur 1P 20 A
543.015;Disjoncteur 1P 32 A
543.020;Disjoncteur terasaki 1P 40A C 10kA
543.025;Disjoncteur 2P 20 A
543.027;Fusible à cartouche 4A 8x31mm
543.028;Fusible à cartouche 8,5 x 31,5 20 A
543.029;Fusible sous verre 5x20 6.3 A
543.030;Fusible sous verre 6,3 A
543.031;Fusible sous verre 6 x 32 1 Amp
543.032;Fusible Cartouche 8,5 x 31,5 6 Amp
543.033;Fusible cartouche 8,5 x 31,5 - 8 Amp
543.034;Fusible cartouche 8,5 x 31,5 - 10 Amp
543.035;Fusible cartouche 10x38 1 A
543.036;Fusible cartouche 10x38 6 A
543.037;Fusible cartouche 10x38 10 A
543.038;Fusible Cartouche 10x38 - 8 Amp
543.039;Fusible à cartouche 10x38 2A ( TECHNILIUM)
543.040;Fusible cartouche 10x38 16 A
543.041;Fusible cartouche 10x38 20 A
543.045;Fusible cartouche 10x38 25 A
543.046;Fusible cartouche 10x38 32 A
543.047;Fusible cartouche 14x51 16 Amp
543.048;Fusible cartouche 14x51 25 Amp
543.049;Fusible cartouche 14x51 32 A
543.050;Fusible cartouche 14x51 40 A
543.051;Fusible à cartouche 14x51 20A
543.055;Adaptateur pour cartouche 8,5x31,5
543.062;Adaptateur pour cartouche 14x51
543.065;Coupe-circuit pour cartouche 10x38
543.072;Fusible à broches 4 amp
543.073;Fusible à Broches 6 AMP
543.075;Fusible à broches 10 A
543.080;Fusible à broches 16 A
543.085;Fusible à broches 20 A
543.090;Fusible à broches 25 A
543.095;Alvéole 10 A / 16 A avec réduction
543.100;Alvéole 63 A
543.105;Fusible DZ 10 A
543.110;Fusible DZ 16 A
543.111;Fusible DZ 16 Automatique
543.115;Fusible DZ 50 A
543.120;Pastille de calibrage DZ 10 A
543.125;Pastille de calibrage DZ 16 A
543.130;Fusible à lamelles 25 A grand modèle
543.135;Fusible à lamelles 25 A petit modèle
543.140;ENTRELEC - Flasque d'extrémité
543.145;ENTRELEC - Butée d'arrêt
543.150;ENTRELEC - Borne M 4/6
543.155;ENTRELEC - Borne M6/8
543.160;ENTRELEC - Borne M10/10
543.165;ENTRELEC - Borne M16/12
543.170;ENTRELEC - Borne de Neutre M16/12
543.175;ENTRELEC - Borne de Terre M16/12
543.179;Barette de connexion 2.5mm² /raccord lustre
543.180;Borne de connexion 6²/Raccord lustre
543.182;Barette de connexion 10² /Raccord lustre
543.183;Borne connexion 16² /raccord lustre
543.185;Borne de connexion 25² /raccord lustre
543.190;Borne 16² JAUNE 3 entrées
543.195;Borne 16² Gris 3 entrées
543.200;Borne 16² Bleu 3 entrées
543.205;Borne Viking 4 mm²
543.210;Flasques pour Bornes Viking
543.215;Borne de connexion enfichable Legrand 10mm²
543.220;ENTRELEC BORNE M35/16.N bleue Ref 1sna125124R0100
543.225;Fiche Wieland réf 92.032.3358.1 mâle pour platine EP - 3p 250v /16A
543.230;"Prise Wieland réf;93.031.3258.1 Femelle pour platine EP- 3P 250V/16A"
543.250;Borne Viking 70²mm
543.255;Fusible sous verre 6.3 x32 retard 15A
543.300;Fusible à cartouche 22 x58 63 A GG
543.301;Fusible à cartouche 22x58 500Vac 125A
544.005;Condensateur 3,75 µF 400 V
544.008;Condensateur 4,5 µF 230 V
544.010;Condensateur 5,3µF 85x30mm 450V
544.015;Condensateur 5,65 µF 400 V
544.020;Condensateur 5,7 µF 450 V
544.025;Condensateur 5,9 µF 420 V
544.027;Condensateur 6µF 250V
544.030;Condensateur 9 µF 230 V
544.031;Condensateur 10 µF 250V
544.035;Condensateur 18 µF 250 V
544.040;Condensateur 25 µF 250 V
544.045;Condensateur 12 µF 250V
544.050;Condensateur 20 µF 250V
544.060;Embase condensateur
545.005;Platine complète pour armature SY3 pour lampe HPIT 2000W 400V terrain de Foot Limal
545.010;Platine complète avec ballast électronic pour sox 55 Watts Réf Schreder: 2510336
545.015;Platine complète pour armature Zénith 200W 400V Ref ZE708
545.101;Luminaire I (relamping)
545.102;Luminaire II (relamping)
545.103;Luminaire III (relamping)
545.104;Luminaire IV (relamping)
545.105;Luminaire V (relamping)
545.106;Luminaire VI (relamping)
545.107;Luminaire VII (relamping)
545.108;Luminaire VIII (relamping)
545.109;Luminaire IX (relamping)
545.110;Luminaire X (relamping)
545.111;Luminaire XI (relamping)
545.121;Luminaire Luma Micro (relamping)
545.200;Support + Etrier inox (relamping)
545.201;Support + Etrier acier galvanisé (relamping) V
545.202;Etrier en inox brut 304 ép.3mm larg 50mm
545.203;Tube en alu brut 60/3 mm long.1000mm (Relamping)
545.300;Contrôleur ZHAGA avec Gateway (relamping)
550.011;New Hydro 55 boîtier en saillie pour 1 fonction avec 1 entrée M20 - NIKO
610.004;Connecteur méc.BT 4-16² avec vis tête fusible BSLB4/16
610.005;Connecteur méc.BT 6-25² avec vis tête fusible BSLB6/25
610.007;Connecteur méc.BT 10-50² avec vis tête fusible - BSLB10/50
610.010;"Connecteur méc. BT 25-150² S-AS; BSLB25/150SAS"
610.015;"Connecteur méc. BT 95-240²;BSLB95/240"
610.020;"Connecteur méc.étamé 35-150²; BSMB35/150"
610.025;"Manchons avec cloison 35-95² Al/Cu vis à fusible; BSLB35/95"
610.030;"Manchon à vis HT Cu/Al 25-95²; BSM25-95"
610.035;"Manchon à vis HT Cu/Al 95-240²/34; BSMB95/240-34"
610.490;Manchon de phase préisolé 16², diam 20mm, réf : MJPT16
610.495;Manchon de phase préisolé 25² diam 20mm, réf : MJPT25
610.496;Manchon de phase préisolé 35² diam 20mm, réf: MJPT35
610.500;"Manchon de phase préisolé 50² diam20mm; MJPT50"
610.505;"Manchon de phase préisolé 70² diam20mm; MJPT70"
610.510;"Manchon de phase préisolé 95² diam20mm; MJPT95"
610.515;"Manchon de phase préisolé 150² diam20mm; MJPT150"
610.520;Manchon de phase préisolé 16²-10², MJB16-10M
610.525;manchon préisolé de branchement 16²-25², MJPB16-25
610.530;Manchon de phase préisolé 95²-70² diam 20mm, réf MJPT95.70
610.535;Manchon de phase préisolé 150²-70² diam 20mm, réf : MJPT150.70
610.540;"Manchon de phase préisolé 150²-95² diam 25; réf MJPT150.95"
610.545;Manchon de phase préisolé 25² diam 20mm, NEUTRE PORTEUR, réf:MJPT25N
610.546;Manchon de phase Préisolé 35² diam 20mm, NEUTRE PORTEUR, réf : MJPT35N
610.550;Manchon de phase préisolé 54² diam 20 mm, NEUTRE PORTEUR, réf : MJPT54N
610.555;Manchon de phase préisolé 70² diam 20 mm, NEUTRE PORTEUR, réf : MJPT70N
611.003;Manchon à sertir 10² Cuivre
611.005;Manchon à sertir 16² Cuivre
611.007;Manchon à sertir 16² / 10² Cuivre (16²/10² ALU Z ET)
611.008;Manchon à sertir Bi-Metal CU 16²-AL 16² REf Klauke 323R16-6 KV
611.010;Manchon à sertir 25² Cuivre
611.015;Manchon à sertir 35² Cuivre
611.020;Manchon à sertir 50² Cuivre
611.025;Manchon à sertir 70² Cuivre
611.030;Manchon à sertir 95² Cuivre
611.035;Manchon à sertir 120² Cuivre
611.040;Manchon à sertir 150² Cuivre
611.045;Manchon de traction à sertir 25² Cuivre
611.050;Manchon de traction à sertir 35² Cuivre
611.055;Manchon de traction à sertir 50² Cuivre
611.056;Manchon à sertir 10 -10² Rm/SM Alu
611.060;"Manchon à sertir 16² Alu (aluze - sans sép;)"
611.065;Manchon à sertir alu 25²/35² sans séparartion
611.070;manchon à sertir alu 35²/50² se
611.080;Manchon à sertir 16² Aluzet (avec séparateur) réf: Klauke223R
611.082;"Manchon à sertir 16² / 10² Alu (aluzet - avec sép;)"
611.085;Manchon à sertir 50² RM/70²SE - 25²RM/35²SE Alu (aluzet -avec séparation)
611.090;Manchon de traction à sertir 50² Alu
611.095;Manchon à sertir 50² Alu
611.100;Manchon à sertir 70² RM/95²SE Alu (aluze - sans sép.)
611.102;Manchon à sertir 95² RM / 120²SE - 50²RM / 70²SE Alu
611.105;"Manchon à sertir 95² RM/120²SE - 70²RM/95²SE Alu (aluze sans sép;)"
611.110;Manchon à sertir 95² RM/120²SE Alu (aluze sans sép.)
611.115;Manchon à sertir 95² - 120 ² ALU Z ET avec séparation
611.117;Manchon à sertir 95² - 120² / 120² - 150² ALU Z ET avec séparation
611.120;Manchon à sertir 120² RM/150²SE Alu avec séparation - 6 kv
611.125;Manchon à sertir 150² RM/185²SE Alu avec séparation
611.130;Manchon à sertir 240² RM/300²SE Alu
611.200;Manchon à Vis BT 25-95 mm² (Réf. 2595 SVTVK) Drugman ou (réf. 4896ZAK)
611.205;Manchon à Vis Tête Fusible 25-150² (Réf. SE 25150 SMTVK)
611.209;Manchon à tête fusible D10-35 SV-T-V-K
611.210;Manchons à Visser LS 6 - 35 RE/25 RM - Réf. 625 SVTVK 14
611.211;"Manchon à tête fusible D25-150 SV-T-V-K; réf Nexans : G6602 17 15"
611.212;"Manchon à tête fusible D35-150 SV-T-V-K; réf Nexans : G6602 17 17"
611.213;"Manchon à tête fusible D1.5-16 SV-T-V-K; réf Nexans : G6603 01 01"
611.214;"Manchon à tête fusible D16-95 Sv-T-V-K; réf Nexans : G6602 17 11"
611.215;Manchon à visser BT 10²-95²
611.220;Manchon à vis fusible 4-35mm² ref fournisseur 4897ZAK ou 4897TZAK
611.225;Manchon à vis Fusible 10²-150² ( Réf Sadinter:4893ZAK)
612.005;Manchon à sertir H.T. biseauté 70²-95² Cuivre avec séparation
612.010;Manchon à sertir H.T. biseauté 25² Cuivre avec séparation
612.015;Manchon à sertir H.T. biseauté 50² Cuivre avec séparation
612.016;Manchon à sertir HT 70² cuivre avec séparation Réf Klauke 507RLD
612.025;Manchon à sertir H.T. biseauté 25² Cuivre
612.030;Manchon à sertir H.T. biseauté 35² Cuivre
612.035;Manchon à sertir H.T. biseauté 50² Cuivre
612.040;Manchon à sertir H.T. biseauté 70² Cuivre sans séparation
612.047;Manchon à sertir H.T. biseauté 120² Cuivre
612.060;Manchon à sertir H.T. 50²RM/70²SE Alu - 50² Cuivre avec séparation
612.062;Manchon à sertir H.T. 70²RM/95²SE Alu - 95² Cuivre avec séparation
612.065;Manchon à sertir H.T. 95²RM/120²SE Alu - 95² Cuivre avec séparation
612.070;Manchon à sertir H.T. 120²RM/150²SE Alu - 50² Cuivre avec séparation
612.075;Manchon à sertir H.T. 120²RM/150²SE Alu - 70² Cuivre avec séparation
612.077;Manchon à sertir H.T. 120²RM/150²SE Alu - 95² Cuivre avec séparation
612.080;Manchon à sertir H.T. 150²RM/185²SE Alu - 95² Cuivre avec séparation
612.085;Manchon à sertir H.T. 150²RM/185²SE Alu - 150² Cuivre avec séparation
612.090;Manchon à sertir H.T. biseauté 95²RM/120²SE Alu sans séparation
612.091;Manchon à sertir Biseauté H.T Alu 95² RM/120² SE avec séparation réf Klauke 429R95
612.095;Manchon à sertir H.T. biseauté 150²RM/185²SE Alu
612.100;Manchon à sertir H.T. biseauté 240²RM/300²SE Alu
612.105;Manchon à sertir H.T. biseauté 35²RM Alu avec séparation
612.110;Manchon à sertir H.T. biseauté 25²RM - 35²RM Alu avec séparation
612.115;Manchon à sertir H.T. biseauté 25²RM - 50²RM Alu avec séparation
612.120;Manchon à sertir H.T. biseauté 35²RM - 50²RM Alu avec séparation
612.121;Manchon à sertir HT Bisauté 70² SM/RM- 50³ SM/M en alu avec séparation
612.125;Manchon à sertir H.T. biseauté 95²RM - 95²RM Alu avec séparation
612.126;Manchon à sertir H.T Biseauté 120²RM/150³SE Alu avec séparation Réf Klauke 419R
612.127;manchon H.T 150² sm/rm --95² sm/rm Alu 10-30Kv avec séparation réf:305.350.005
612.128;Manchon à sertir HT Alu Bisauté 150²SM/RM -70³SM/RM avec séparation
612.130;Manchon à sertir H.T. biseauté 150²RM - 150²RM Alu avec séparation
612.135;Manchon à sertir H.T. biseauté 240²RM - 240²RM Alu avec séparation
613.003;Bague de réduction Cuivre 25² - 16²
613.005;Bague de réduction Cuivre 35² - 16²
613.007;Bague de réduction Cuivre 35² - 25²
613.010;Bague de réduction Cuivre 50² - 25²
613.015;Bague de réduction Cuivre 50² - 35²
613.020;Bague de réduction Cuivre 70² - 50²
613.022;Bague de réduction Cuivre 95² - 35²
613.023;Bague de réduction Cuivre 95² - 70²
613.024;Bague de réduction cuivre 95² - 50²
613.025;Bague de réduction Cuivre 120² - 150²
614.005;Embout pour Magnéfix 50² Alu
614.010;Coiffe de Magnéfix avec détecteur de CC modèle MF sans poignée
614.015;Coiffe de Magnéfix avec détecteur de CC modèle MD 4 avec poignée
631.005;Soulier à sertir 10² diametre 8
631.007;Soulier à sertir 16² diametre 8
631.010;Soulier à sertir 16² diametre 10
631.015;Soulier à sertir 16² diametre 12
631.020;Soulier à sertir 25² diametre 10
631.025;Soulier à sertir 25² diametre 12
631.030;Soulier à sertir 35² diametre 10
631.035;Soulier à sertir 35² diametre 12
631.040;Soulier à sertir 50² diametre 10
631.045;Soulier à sertir 50² diametre 12
631.050;Soulier à sertir 70² diametre 10
631.055;Soulier à sertir 70² diametre 12
631.060;Soulier à sertir 95² diametre 10
631.065;Soulier à sertir 95² diametre 12
631.070;Soulier à sertir 120² diametre 12
631.075;Soulier à sertir 150² diametre 12
631.080;Soulier à sertir 240² diametre 12
631.083;Soulier à sertir 240² diametre 20
631.085;Soulier bi-métal 35² diametre10
631.090;Soulier bi-métal 50² diametre10
631.095;Soulier bi-métal 50² diametre12
631.100;Soulier bi-métal 70² diametre10
631.105;Soulier bi-métal 70² diametre12
631.110;Soulier bi-métal 95² diametre12
631.112;Soulier bi-métal 120²RM--150³SE diametre12- 6KV
631.115;Soulier bi-métal 150²RM-185³SE diametre12 - 6KV
631.120;Soulier bi-métal 240² diametre12
631.125;Soulier bi-métal 240² diametre 20
631.199;"Soulier de câble vis HT Cu/Al 25-95mm²; BLMT25/95-13"
631.200;"Soulier câble vis HT Cu/Al 95-240²;BLMT95/240-13"
631.201;"Soulier de câble vis HT Cu/Al 35-150mm²; BLMT35/150-13"
631.202;"Soulier de câble vis HT Cu/Al 185-400²M17;BLMT185/400-17"
632.005;Clame de Neutre, Screw clamp V-KLEMA 50-240SW
632.006;"Terminal 75x25x3mm reforée M12; réf: TERM75x25x3 M12"
632.007;"Clame de neutre en V avec un angle de 30° et métrique de 12 ; réf Sicame : K2301121"
641.005;Embout à sertir isolé à pointe 0,75² (en Sac de 100 pièces) (sac)
641.010;"Embout à sertir isolé à pointe 1,5²; long 14mm NOIR (en Sac de 100 pièces) (sac)"
641.011;"Embout à sertir isolé à pointe 1,5²;long 18mm (en sac de 100 pièces)(sac)"
641.015;Embout à sertir isolé à pointe 2,5² (en Sac de 100 pièces) (sac)
641.016;Embout à sertir isolé à pointe Twin 2 x 1,5² noir (en sac de 100 pièces), réf : 2TGH1,5-20 (sac)
641.017;Embout à sertir isolé à pointe Twin 2 x 2,5² (en sac de 100 pièces) (sac)
641.020;Embout à sertir isolé à pointe 4² (en Sac 100 pièces)(sac)
641.025;Embout à sertir isolé à pointe 6² (Sac 100 pièces), réf : TGH6-26 (sac)
641.030;"Embout à sertir isolé à pointe 10²; Rouge L:18mm (en Sac 100 pièces) (sac)"
641.031;Embout isolé à sertir 10² longueur 12mm (en Sac 100 pièces) (sac)
641.035;"Embout à sertir isolé à pointe 16²; L:18mm (en Sac 100 pièces) (sac)"
641.040;Embout à sertir isolé à pointe 25² (en Sac 100 pièces) (sac)
641.045;Embout à sertir isolé à pointe 35² (en Sac 50 pièces) (sac)
641.050;Embout à sertir isolé à pointe 50² (en Sac 50 pièces) (sac)
641.070;Embout à sertir isolé à pointe 240² (en Sac 100 pièces) (sac)
641.075;Embout à sertir non isolé pour multibrin 35 mm² (en Sac 100 pièces) (sac)
641.080;EMBOUTS DIN DOUBLE 2 x 0.75² (en Sac 100 pièces) (sac)
642.010;Cosse isolée à fourche 4² - 6² / M5 (en Boite de 100 pièces) (boîte)
642.014;Cosse isolée à fourche 2,5 - 4 (par Boite de 100 pièces) (boîte)
642.015;Cosse isolée à fourche 1,5-2,5 mm² / M5 (en boîte de 100 pièces) (boîte)
642.016;Cosse isolée à fourche 2.5 /M5 (en bpîte de 100 pièces) (boîte)
642.017;Cosse isolée à fourche 0,25 - 1,5² (en boite de 100 pièces) (boîte)
642.018;Cosses isolées 0,25 - 1,5 mm² (en Boite de 100 pièces) (boîte)
642.019;Cosse isolée à oeillet 4 - 6 mm² / 10 (en Boite de 100 pièces) (boîte)
642.020;Cosse isolée à oeillet 10,5 - 18,00 (en Boite de 100 pièces) (boîte)
642.025;"Cosse "" Faston"" Mâle isolée 1,5 - 6,30 (en Boite de 100 pièces) (boîte)"
642.030;"Cosse ""Faston"" Femelle 0,5² - 1² (par Boite de 100 pièces) (boîte)"
642.035;Languette à sertir 1.5mm²/2.5mm² -fiche 6.3x0.8 (en sac de 100 pièces)(sac)
642.040;Languette Bleue non isolée 1.5mm²/2.5mm² fiche 6.3x0.8mm (sac de 100 pièces)(sac)
642.045;manchon isolé à sertir haupa 6² art 260354
651.003;"Embout de câble Thermo-rétractable 4/10;102L011"
651.005;Embout de câble thermo-rétractable 20/8, 102L022
651.010;Embout de câble thermo-rétractable 15/35, réf 102L033
651.015;Embout de câble thermo-rétractable 15/40
651.020;Embout de câble thermo-rétractable 25/55 Réf: 102L044
651.021;Embout câble thermo-rétractable 73-32mm - Réf :102L048
651.025;Embout 4 fils thermo-rétractable grand modèle- Réf f:502K016 (Grand pis)
651.026;Embout thermo 4 fils modèle Moyen Réf f 502K046
651.027;Embout 4 fils thermo-rétractable TRES grand modèle- Réf f 502K 026
651.030;"Embout 4 fils thermo-rétractable petit modèle 36/16;502K033 ( petit pis)"
651.050;"Embout 3 fils thermo-rétract.(115-45;52-22) 402W248"
651.055;"Embout 3 fils thermo-rétract.(170-60;60-30) 402W439"
651.104;Embout PVC simple 7mm DERANCOURT (à froid)
651.105;Embout PVC rétractable à froid 8-16mm - câble 1.5 à 10²
651.106;Embout PVC simple 17mm DERANCOURT (à froid)
651.110;Embout rétractable à froid 16-27mm - câble 16 à 35²
651.115;Embout rétractable à froid 26-48mm - câble 50 à 150²
651.120;Embout rétractable à froid 46-80mm - câble 240²
651.125;Embout 3 fils rétractable à froid (1,5/2,5) - GURO-CBO3X2.5
651.130;Embout 4 fils rétractable à froid (1,5/2,5) - GURO-CBO4X2.5
652.012;"Gaine thermo-rétractable 16/4;WCSM1M164"
652.014;"Gaine thermo-rétractable 24/6;WCSM1M246"
652.020;"Gaine thermo-rétractable 34/8;WCSM1M338"
652.022;Gaine thermo-rétractable CFM 34/10
652.025;"Gaine thermo-rétractable 48/12; WCSM1M4812"
652.026;Gaine thermo rétractable 56/16 - WCSM1M5616
652.028;"Gaine thermo-rétractable 70/20;WCSM1M7020"
652.030;Gaine thermo-rétractable 70/25 - Long.1m50
652.031;"Gaine thermo-rétractable 90/25; WCSM1M9025"
652.032;"Gaine thermo-rétractable 110/30; WCSM1M11030"
652.033;"Gaine thermo-rétractable 130/35;WCSM1M13035"
652.040;Gaine Thermo rétractable Raychem 130/36 paroi épaisse longueur 1 m
652.045;Gaine thermo Transparante 39
652.046;Gaine thermo - CGPT 1240/ 12.4 Noir (protec. UV) en rouleau de 150 m (m)
652.047;Gaine thermo - CGPT 2480/ 24.80 Noir (protection UV) en rouleau de 60m (m)
652.055;Gaine thermo - Raychem paroi fine 39/13 noire en rouleau de 30m (m)
652.060;Gaine thermo - Raychem paroi fine 39/13 rouge en rouleau de 30m (m)
652.065;Gaine thermo - Raychem paroi fine 39/13 bleue en rouleau de 30m (m)
652.070;Gaine thermo - Raychem paroi fine 39/13 jaune en rouleau de 30m (m)
652.100;Extremité Unipolaire thermo-rétract 12kV- 25 à 240mm (réf : E6UTH25-240)
653.001;Manchette Thermo 34/10 longueur 1000 mm CRSM34-1000
653.003;Manchette thermo-rétractable 34/10 Long. 750 mm CRSM34-750
653.010;Manchette thermo-rétractable 75/15 Long. 500mm
653.011;Manchette thermorétractable 75/15 long. 1000mm
653.015;Manchette thermo-rétractable 50/20 Long. 750mm
653.020;Manchette thermo-rétractable 53/13 Long. 1000mm CRSM53-1000
653.022;Manchette thermo-rétractable 84-20mm, Long 1000mm CRSM84-1000
653.025;Manchette pour câble 5 pôles (Raychem) EPKJ-0242-BE01
653.030;Manchette avec tirette Thermo rétractable 43/8 long.1000 mm
653.035;Manchette Thermo rétractable 107/29 long 1000mm CRSM107-1000
653.036;Manchette thermo-rétractable 143/36 Long 1000 mm CRSM143-1000
653.037;Manchette thermo-rétractable 198/55 Long 1000 mm CRSM198-1000
660.005;Borne fusible avec temoin 400V ENTRELEC
660.010;Borne fusible avec temoin 110-230V ENTRELEC
660.015;Borne de Neutre ENTRELEC
660.020;Flasque d'extrémité ENTRELEC
660.025;Flasque de séparation ENTRELEC
660.030;Capot de protection ENTRELEC
660.035;Borne WTD 6/1 pour pontage T.I. WEIDMULLER
660.040;Socket à visser pour bornes WTD WEIDMULLER
660.045;Pontage pour bornes WTD WEIDMULLER
660.050;Flasque pour bornes WTD WEIDMULLER
660.055;Borne d'arrêt WEIDMULLER
660.065;Prise téléphonique 4 contacts
660.070;Connecteur modulaire téléphonique (RJ11)
660.080;PLED 24Vdc WEIDMULLER LED ENFICHABLE POUR RELAIS ARMOIRE SIGNALISATION 856710000
660.085;Rouleau tape alu pour protection soudure Signalisation (rouleau)
660.090;Sectionneur de surtension Phoenix contact PT2-PE/S230ACST (signalisation)
660.095;UPS Evolution 850VA
660.100;Batterie AA 3.6V lithium pour DAX SAFT LS 14500
660.105;Borne Entrelec sectionnable Réf 1 SNA199232R2000 (orange)
660.110;Borne Entrelec sectionnable Réf 1 SNA199231R2700 ( GRIS)
660.115;Hygrostat pour armoire Rittal réf SK 3118000
660.120;SK résistance Chauffante pour armoire 50 W 110-220V Réf: SK 3105340
660.150;Ups Eaton MGEEllipse ECO 1200USBFR
660.153;UPS 220V/1600 eaton MGE OPS
660.155;Batterie 12V 9Ah DynoEurope pour UPS Signalisation
660.160;Batterie 12V100AH FIT BH2 12FIT100/23 UPS cabine HT
660.165;Kit de montage batterie pour réf 660.160 modèle FIT100 UPS cabines HT
660.170;Batterie 12V-7.5 Ah pour GPRS -TBOX
660.180;UPS 48V DC - alimentation Wall Box
660.185;Batterie PSU 24VDC MODUL
660.190;Batterie 12V 12Ah (PSU24VDC)
700.120;"Film ""Recharge Véhicule élec."";G2000 600x400mm; type1 dos orange"
700.125;"Film ""Réservé à la recharge des véhicules élec."";G2000 700x200 type 1 dos orange"
700.140;Poteau Galva Diam.76mm/L.2000mm
700.141;Poteau Galva diam.76mm/L.1500mm
700.142;Collier G2000 76mm
910.015;Embout PVC M20
910.020;Embout PVC M16
910.035;"Manchon PVC 3/4"""
910.040;Manchon PVC M16
910.045;Attache PVC 24-38 mm
910.055;Attache collier 31-35 mm
910.060;"Attache TAL 3 x 5/8"""
910.065;"Attache TAL 3/4"""
910.073;Attache fourche 20-22 mm
910.100;Tube PVC(3/4) 20 mm au mètre
910.102;Attache multiquickME1 16-20mm tube PVC OBO Better
910.103;Spit cheville PRO-6 8x40 pour tube PVC 20mm
915.000;"Lettre ""A"" système Easy Read,AE010"
915.001;"Lettre ""B"" système Easy Read,AE011"
915.002;"Lettre ""C"" système Easy Read,AE012"
915.003;"Lettre ""D"" système Easy Read,AE013"
915.004;"Lettre ""E"" système Easy Read,AE014"
915.005;"Lettre ""F"" système Easy Read,AE015"
915.006;"Lettre ""G"" système Easy Read,AE016"
915.007;"Lettre ""H"" système Easy Read,AE017"
915.008;"Lettre ""I/1"" système Easy Read,AE018"
915.009;"Lettre ""J"" système Easy Read,AE019"
915.010;"Lettre ""K"" système Easy Read,AE020"
915.011;"Lettre ""L/7"" système Easy Read,AE021"
915.012;"Lettre ""M"" système Easy Read,AE022"
915.013;"Lettre ""N"" système Easy Read,AE023"
915.014;"Lettre ""O/0"" système Easy Read,AE024"
915.015;"Lettre ""P"" système Easy Read,AE025"
915.016;"Lettre ""Q"" système Easy Read,AE026"
915.017;"Lettre ""R"" système Easy Read,AE027"
915.018;"Lettre ""S"" système Easy Read,AE028"
915.019;"Lettre ""T"" système Easy Read,AE029"
915.020;"Lettre ""U"" système Easy Read,AE030"
915.021;"Lettre ""V"" système Easy Read,AE031"
915.022;"Lettre ""X"" système Easy Read,AE032"
915.023;"Lettre ""Y"" système Easy Read,AE033"
915.024;"Lettre ""Z"" système Easy Read,AE034"
915.025;"Chiffre ""2"" système Easy Read,AE037"
915.026;"Chiffre ""3"" système Easy Read,AE038"
915.027;"Chiffre ""4"" système Easy Read,AE039"
915.028;"Chiffre ""5"" système Easy Read,AE040"
915.029;"Chiffre ""6"" système Easy Read,AE041"
915.030;"Chiffre ""8"" système Easy Read,AE042"
915.031;"Caractère Barre Oblique""/"" système Easy Read,AE049"
915.065;"Chiffre ""9"" Système Easy Read pour repér"
920.005;Colson 200 x 4,8 mm noir en boite de 100 piècesE4,8-200-0 (pièce)
920.010;Colson 200 x 4,8 mm blanc en boite de 100 pièces E4,8-200-g (pièce)
920.014;Colson 370 x 7,6 mm noir en boite de 100 pièces E7,6-370-0 (pièce)
920.015;Colson 370 x 4,8 mm noir en boite de 100 pièces E4,8-370-0 (pièce)
920.016;Colson 370 x4.8 noir (Sac de 100 pièces) Ref E4.8-370-0 (sac)
920.017;Colson 540 x 7,8 mm noir (Sac de 100 pièces) Réf:E9 530-0 (sac)
920.018;Colson 609 x 9 noir (par 100 pièces) ref : E9-609-0 (sac)
920.019;Colson 1020 x 9 noir (sac de 100 pièces) Ref: E9-1020-0 (sac)
920.020;Colson 370 x 4,8 mm blanc en boîte de 100 pièces)E4,8-370-g (pièce)
920.022;Colson 360 x 4,8 mm blanc en Boite de 100 pièces (boîte)
920.025;Colson 530 x 9 mm noir E9-530-0 (par boîte de 100pc)
920.030;Colson 526 x 9 mm blanc (en boite de 100 pièces) E9-530-g (boîte)
920.035;Colson 200 x4.8 mm blanc (en Boite de 100 pièces) (boîte)
920.040;Embase adhésive Colson
920.045;Embase à Cheville Colson (en sac de 100) (pièce)
920.050;Bande spiralée 15 mm (Rouleau de 10m)
920.055;Bande spiralée 19 mm (Rouleau de 10m)
920.060;Embase colson à visser 9mm
930.005;Rouleau de toile PVC Jaune/Vert (rouleau) (idem 930.035)
930.010;Rouleau de toile PVC Jaune (rouleau) TAPE19-4
930.015;Rouleau de toile PVC Bleu (rouleau) TAPE19-6
930.020;Rouleau de toile PVC Rouge (rouleau) TAPE19-2
930.025;Rouleau de toile PVC Noir (rouleau) TAPE19-0
930.035;Rouleau de toile PVC Jaune/Vert (rouleau) TAPE 19-45
930.040;Rouleau tape autoamalgamant Rotunda PIB 2501 19mmx05x10000 (rouleau)
930.045;Rouleau de toile PVC Vert (rouleau) TAPE19-5
930.050;Rouleau de toile PVC Blanc (rouleau) TAPE19-9
940.005;Plaque réseau 230 V
940.010;Plaque réseau 400 V
940.015;Plaque réseau 1000 V
940.020;"Plaque ""Régie signalisation H.T."""
940.021;Plaque Coupures d'Exploitation
940.022;Plaque Sous-Station Différent
940.023;Plaques Festivites
940.025;Plaque 11.000 V
940.030;Plaque Danger 11.000 V
940.035;Plaque Danger 1000 V
940.040;Plaque Danger de Mort
940.041;Plaque Signalitique 230V parallèle pour sectionneur BT
940.042;Plaque Signalitique 230V NON-parallèle pour sectionneur BT
940.043;Plaque Signalitique 400V parallèle pour sectionneur BT
940.044;Plaque Signalitique 400V NON-parallèle pour sectionneur BT
940.045;Consigne Danger
940.050;Consigne Défense d'enclencher
940.055;Consigne Sous-Tension
940.060;Plaque Sous-Tension
940.065;Plaque Danger de Mort - Haute Tension
940.070;Plaque 1er Soins
940.075;Plaque Régie de l'électricité
940.080;Pictogramme autocollant Danger Electrique - Grand Modele
940.085;Pictogramme autocollant Danger Electrique - Petit Modele
940.090;Pictogramme autocollant Danger Haute Tension - Petit Modele
940.094;Autocollant Hortsmann indicateur de court-circuit
940.095;Autocollant Danger de Mort
940.096;"Autocollant ABT ""Danger de mort; 230-400V; R.E.W"" 17.5cm/24.5cm"
940.097;"Autocollant ABT ""Danger de mort; 230-400V; R.E.W"" 10.5cm/7.5cm"
940.100;Autocollant Danger de Mort - Ville de Wavre
940.101;Autocollant BORNE ELEC REW
940.105;Autocollant vert Régie Signalisation HT rectangulaire
940.110;Plaque signalétique réseau aérien PVC 2 mm 250x50mm R.E.W /F.O fibre optique
940.113;Autocollant Champs tournant Vert/droite 100/100
940.114;Autocollant Champs tournant Rouge/gauche 100/100
940.125;Autocollant Phase L1 Rouge 4x4
940.130;Autocollant Phase L2 Blanc 4 x4
940.135;Autocollant phase L3 Bleu 4x4
940.140;"Autocollant ""230V/400V"" Jaune 4x15 CM"
940.145;"Autocollant ""Signalisation F.O"" 13x16"
940.200;Plaque câble sous tension/ R
940.205;Plaque Homme sur le réseau/câble en défaut
940.210;Autocollant Régie de Wavre Cabines HT 11400V
952.005;Cartouche de scellement chimique
971.005;Couvre-câbles 1000*150*10
971.010;Couvre-câbles 1000*250*10
971.015;Couvre-câbles 200*2,5mm en rouleau de 50 mètres (le rouleau)
971.025;Rouleau de grillage Avertisseur Rouge pour câble sous-Terrain 300 mm x 100m réf:6NETGA300R (rouleau)
972.005;Tuyau PVC diametre 110 (m)
980.050;Coffret multiprise de protection pour illuminations et sapins - 3 Prises
980.055;Coffret multiprise de protection pour illuminations et sapins - 4 Prises
980.060;Coffret Différentiel 16 Amp avec Prise CE mono 16 Amp
